1,Marquise de Cat,2018,,ColeWehrle,Base Game,Y,Stable,M,10,L,M,M,M,Orange,Ce6f32,Cat,,,,Warriors,25,,,,,,Sawmills,6,FALSE,Workshops,6,Recruiter,6,,Wood,8,FALSE,Keep,1,,,,,0,,,,,,,,,,,,https://ledergames.com/products/root-a-game-of-woodland-might-and-right,,,You have conquered the forest. Now you must build a kingdom worthy of your name.,KyleFerrin
2,Eyrie Dynasties,2018,,ColeWehrle,Base Game,Y,Stable,M,7,L,L,H,M,Blue,3d69a9,Bird,,,,Warriors,20,,,,,,Roosts,7,FALSE,,,,,,,,,,,,,,,6,,,,,,,,,,,,https://ledergames.com/products/root-a-game-of-woodland-might-and-right,,,In a moment of weakness the Marquise descended. Now you have rallied your strength and are poised to recapture you birthright.,KyleFerrin
3,Woodland Alliance,2018,,ColeWehrle,Base Game,Y,Stable,I,3,H,M,M,H,Green,5ca74c,Mouse,Fox,Rabbit,,Warriors,10,,,,,,Bases,3,TRUE,,,,,,Sympathy Tokens,10,FALSE,,,,,,,0,,,,,,,,,,,,https://ledergames.com/products/root-a-game-of-woodland-might-and-right,,,,KyleFerrin
4,Vagabond,2018,,ColeWehrle,Base Game,Y,Stable,I,5,M,M,M,L,Grey,a4a5a3,Raccoon,,,,,,,,,,,,,,,,,,,,,,,,,,,,15,,Pawn,1,Ruin Items,4,Relationship Markers,12,,,,,https://ledergames.com/products/root-a-game-of-woodland-might-and-right,,,"You wander the woods, seeking a place in the new society that is taking shape.",KyleFerrin
5,Riverfolk Company,2018,,ColeWehrle,Riverfolk Expansion,Y,Stable,I,5,H,H,L,M,Teal,51b1ab,Otter,,,,Warriors,15,,,,,,,,,,,,,,Trade Posts,9,TRUE,,,,,,,0,,Service Markers,3,,,,,,,,,https://ledergames.com/products/root-the-riverfolk-expansion,,,"The Riverfolk Company are always on the hunt for new markets. After all, where there's muck, there's clams!",KyleFerrin
6,Lizard Cult,2018,,ColeWehrle,Riverfolk Expansion,Y,Stable,I,2,H,H,M,H,Yellow,E5dd32,Lizard,,,,Warriors,25,,,,,,Gardens,15,TRUE,,,,,,,,,,,,,,,0,,Outcast Marker,1,,,,,,,,,https://ledergames.com/products/root-the-riverfolk-expansion,,,,KyleFerrin
7,Underground Duchy,2020,,PatrickLeder,Underworld Expansion,Y,Stable,M,8,M,H,M,M,Tan,Dbb494,Mole,,,,Warriors,20,,,,,,Citadels,3,FALSE,Markets,3,,,,Tunnels,3,FALSE,,,,,,,9,,Crowns,9,Burrow,1,,,,,,,https://ledergames.com/products/root-underworld-expansion-retail-edition,,,,KyleFerrin
8,Corvid Conspiracy,2020,,PatrickLeder,Underworld Expansion,Y,Stable,I,3,L,M,M,H,Purple,4c296d,Crow,,,,Warriors,15,,,,,,,,,,,,,,Bomb Plots,2,FALSE,Snare Plots,2,Extortion Plots,2,Raid Plots,2,0,,,,,,,,,,,,https://ledergames.com/products/root-underworld-expansion-retail-edition,,,,KyleFerrin
10,Lord of the Hundreds,2022,,ColeWehrle,Marauder Expansion,Y,Stable,M,9,M,L,H,L,Red,f2461a,Rat,,,,Warriors,20,Warlord,1,,,,Strongholds,6,FALSE,,,,,,Mobs,5,FALSE,,,,,,,8,,Mob Die,1,,,,,,,,,https://ledergames.com/products/root-the-marauder-expansion,,,,KyleFerrin
11,Lilypad Diaspora,2024,,JoshuaYearsley,Homeland Expansion,Y,Testing,M,7,L,M,M,H,Green,ffffff,Frog,Toad,,,Warriors,20,,,,,,,,,,,,,,Frog Tokens,12,TRUE,,,,,,,10,,Reference Cards,5,,,,,,,,,,,https://www.dropbox.com/scl/fo/5k0tt0wsiqs6az0gnavtl/ABn13FQ7dzx43MkP-SG031A?rlkey=eztxzfg5kns6ekdchddnk8ui2&dl=0,,KyleFerrin
12,Twilight Council,2024,,JoshuaYearsley,Homeland Expansion,Y,Testing,I,5,N,N,N,N,Brown,964B00,Bat,,,,Warriors,15,,,,,,,,,,,,,,,,,,,,,,,0,,,,,,,,,,,,,,https://www.dropbox.com/scl/fo/f9dm1o7c0unxofiuzqu0o/AHrmTrEz0xuxxaEHUtPEMB4?rlkey=qvw42hszi7r5lzzedq7wwehui&e=2&st=rv0qve85&dl=0).,,KyleFerrin
13,Knaves of the Deepwood,2024,,JoshuaYearsley,Homeland Expansion,Y,Testing,I,4,N,N,N,N,Black,,Skunk,,,,Warriors,10,Captain,3,,,,,,,,,,,,,,,,,,,,,,,,,,,,,,,,,,,https://www.dropbox.com/scl/fo/mre9vbqhtwf6mvlmfu4gk/AMWsM17SFEVkPesmEVwSQmo?rlkey=6kdhjbkun1ltp9dwemtzyfb2d&e=1&dl=0).,,KyleFerrin
14,Croc Stars,2023,,tinthefoil,Rootjam 2023,N,Testing,I,6,H,H,M,H,Black,0,Crocodile,,,,Warriors,15,,,,,,,,,,,,,,Venues,5,FALSE,,,,,,,4,,,,,,,,,,,https://steamcommunity.com/sharedfiles/filedetails/?id=2975893971,https://discord.com/channels/476234833572397056/1103051947080167474,https://discord.com/channels/860558905730007061/1113852608503885824,https://drive.google.com/drive/folders/1MhxYAgA1sXD1znuTjc9spwCHicP0QH0Y,Keep your Croco-dial locked for your soundrach to the woodland's demise,tinthefoil
15,Doomsayers Union,2023,,slugfacekillah,Doomed Expansion,N,Stable,M,9,L,M,M,L,Black,0,Cat,,,,Warriors,25,,,,,,Churches,6,FALSE,,,,,,Summoning Circles,6,FALSE,,,,,,,1,,Flames,6,Demand Dice,6,,,,,https://boardgamegeek.com/thread/3125858/doomsayers-union-root-fan-faction,https://steamcommunity.com/sharedfiles/filedetails/?id=2916424744,,,https://drive.google.com/drive/u/2/folders/1XK3bxRh_fkBbaFopR5p8CMFRHxq27sEa,The world will end when we get paid.,
16,Warriors Wake,2023,,slugfacekillah,Doomed Expansion,N,Stable,M,9,M,L,H,M,Grey,D3D3D3,Vulture,,,,Warriors,15,,,,,,,,,,,,,,Despair Tokens,8,FALSE,,,,,,,0,,,,,,,,,,https://boardgamegeek.com/thread/2749717/warriors-wake-root-fan-faction,https://steamcommunity.com/sharedfiles/filedetails/?id=2916424744,,,https://drive.google.com/drive/folders/1XK3bxRh_fkBbaFopR5p8CMFRHxq27sEa?usp=share_link,Your strength rests with us now.,
17,Whisperers Guild,2023,,slugfacekillah,Doomed Expansion,N,Testing,I,2,H,H,L,M,,ffffff,Weasel,,,,Warriors,12,,,,,,,,,,,,,,,,,,,,,,,0,,Insight Markers,20,,,,,,,,https://steamcommunity.com/sharedfiles/filedetails/?id=2976313299,,,,,
18,Lemming Reavers,2023,,spshaman,Nemesis Expansion,N,Testing,M,10,M,L,H,L,Light Blue,ADD8E6,Lemming,,,,Warriors,25,,,,,,Encampments,5,FALSE,,,,,,Loot Tokens,2,FALSE,Provisions,2,Depots,2,Reserves,2,0,,,,,,,,,,https://boardgamegeek.com/thread/3173434/article/43842440#43842440,,https://discord.com/channels/476234833572397056/1020214441125621760,https://discord.com/channels/860558905730007061/883054353596968970,https://drive.google.com/drive/folders/1MIPdMMlclAutcjH73P0jJOkH0745afgR?usp=share_link,Every supply taken is another day you can survive.,disasterman
19,Lost Powers,2023,,spshaman,Nemesis Expansion,N,Stable,I,2,M,M,L,H,Green,5ca74c,Turtle,,,,Warriors,5,,,,,,,,,,,,,,,,,,,,,,,8,,Action Markers,8,,,,,,,https://boardgamegeek.com/thread/3173434/article/43842440#43842440,,https://discord.com/channels/476234833572397056/1066819660261105665,https://discord.com/channels/860558905730007061/1068645437650767962,https://drive.google.com/drive/folders/1vzDOmncqlgkNqqMZas2aL6v43OMCl13H?usp=sharing,"Your brigade has appropriated a rusty cannon. In this new age, the only way to gain sovereignty is through either spray or sulfur.",tinthefoil
20,Noxious Battery,2023,,spshaman,Nemesis Expansion,N,Stable,I,5,M,M,H,M,Pink,FFC0CB,Skunk,,,,Warriors,15,,,,,,,,,,,,,,Scent Marks,5,FALSE,Cannonballs,5,,,,,0,,Cannon,1,,,,,,,https://boardgamegeek.com/thread/3173434/article/43842440#43842440,,,https://discord.com/channels/860558905730007061/889865775651913808,https://drive.google.com/drive/u/0/folders/1MIPdMMlclAutcjH73P0jJOkH0745afgR,"Your people have been ignored, berated, or bullied by your fellow denizens for far too long. You and your small brigade have approiated a rusty cannon to arm yourselves. The only way to gain the proper respect is through either spray or sulfur.",disasterman
21,Triumvirate of Fury,2023,,spshaman,Nemesis Expansion,N,Testing,I,6,M,M,H,M,Yellow,E5dd32,Lizard,,,,Warriors,15,,,,,,,,,,,,,,Grudges,9,FALSE,,,,,,,3,,Retribution/Anger Markers,19,Relationship Markers,12,,,,,https://boardgamegeek.com/thread/3173434/article/43842440#43842440,,https://discord.com/channels/476234833572397056/1079113425994645624,https://discord.com/channels/860558905730007061/1078857352662499388,https://drive.google.com/drive/folders/1hFJT-vewNF2slkVoBva4iHK3G0QN-x01?usp=sharing,"Rise, sisters! Bring them all chthonic justice.",tinthefoil
22,Black Paw Bandits,2021,,Endgamer1331,Hinterlands Expansion,N,Stable,I,3,M,H,M,H,Tan,Dbb494,Raccoon,,,,Warriors,20,,,,,,Hideouts,3,FALSE,,,,,,Traps,6,FALSE,,,,,,,0,,,,,,,,,,https://boardgamegeek.com/thread/2986819/hinterlands-expansion-root-fan-expansion-tidal-fla,,https://discord.com/channels/476234833572397056/1020293818706300998,https://discord.com/channels/860558905730007061/897534745632702535,https://docs.google.com/presentation/d/1mO9Cx-D-Wiquk7tC4rFi02qyhfn_TPiYQqGjybyrCqw/edit?usp=drivesdk,,
23,Bone Patrol,2021,,slugfacekillah,Outsiders Expansion,N,Stable,I,5,M,H,M,M,Tan,Dbb494,Dog,,,,Warriors,15,Alpha,1,,,,Staches,4,FALSE,,,,,,Bone,12,TRUE,,,,,,,0,,,,,,,,,,https://boardgamegeek.com/thread/2571040/bone-patrol-root-fan-faction-bone-live-live-bone,https://steamcommunity.com/sharedfiles/filedetails/?id=2427183217,,https://discord.com/channels/860558905730007061/936692713120739398,https://drive.google.com/drive/folders/19tCC_9QTW682DUeLCUIr7CEyjfczjxA6?usp=share_link,Give us the bones!,
24,Winged Menace,2021,,slugfacekillah,Outsiders Expansion,N,Stable,I,5,M,H,H,H,Black,0,Bat,,,,Warriors,20,,,,,,Infestations,8,FALSE,,,,,,Guano Tokens,4,FALSE,,,,,,,2,,Cave,4,,,,,,,https://boardgamegeek.com/thread/2601754/winged-menace-root-fan-faction,https://steamcommunity.com/sharedfiles/filedetails/?id=2427183217,,https://discord.com/channels/860558905730007061/936438700034887681,https://drive.google.com/drive/folders/19tCC_9QTW682DUeLCUIr7CEyjfczjxA6?usp=share_link,"All the chaos, All the time!",
25,Order of the Forest,2021,,slugfacekillah,Outsiders Expansion,N,Stable,I,5,H,L,M,H,Green,5ca74c,Unknown,,,,Warriors,15,,,,,,Abbeys,4,FALSE,,,,,,Soup Tokens,3,FALSE,Coins,3,,,,,0,,Pawn,4,,,,,,,,https://steamcommunity.com/sharedfiles/filedetails/?id=2427183217,,https://discord.com/channels/860558905730007061/937742087707844739,https://drive.google.com/drive/folders/19tCC_9QTW682DUeLCUIr7CEyjfczjxA6?usp=share_link,We are only here to help.,
26,Croakers Coven,2021,,slugfacekillah,Outsiders Expansion,N,Stable,I,5,H,H,H,L,Purple,5D3FD3,Frog,,,,Warriors,15,,,,,,Schools,3,FALSE,,,,,,Statues,3,FALSE,Magic Tokens,3,Growths,3,,,8,,Mudman,1,Mudman Dice,2,,,,,https://boardgamegeek.com/thread/2607727/croakers-coven-root-fan-faction,https://steamcommunity.com/sharedfiles/filedetails/?id=2427183217,,https://discord.com/channels/860558905730007061/936690453305237554,https://drive.google.com/drive/folders/19tCC_9QTW682DUeLCUIr7CEyjfczjxA6?usp=share_link,"An unnatural power looms in the darkest corners of the forest, a ribbiting and most ancient mystical authority. Beware the magical might of the abominous amphibians!",
27,Twelve Colonies,2021,,slugfacekillah,Outsiders Expansion,N,Stable,I,5,H,M,M,M,Green,5ca74c,Turtle,Snake,,,Turtles,5,Snakes,20,,,,Capitols,6,FALSE,,,,,,Commons,6,FALSE,,,,,,,17,,Nominations,3,Ballots,12,Historical Site,1,,,https://boardgamegeek.com/thread/2613926/twelve-colonies-root-fan-faction,https://steamcommunity.com/sharedfiles/filedetails/?id=2427183217,,https://discord.com/channels/860558905730007061/947566471406575616,https://drive.google.com/drive/folders/19tCC_9QTW682DUeLCUIr7CEyjfczjxA6?usp=share_link,Don't tread on us.,
28,Old Man Tinker,2021,,slugfacekillah,Outsiders Expansion,N,Stable,I,5,H,L,M,H,Grey,D3D3D3,Beaver,,,,,,,,,,,Factories,3,FALSE,,,,,,Double-Sided Tokens,20,FALSE,,,,,,,0,,Pawns,4,Breakage Dice,2,Production Marker,1,Production Level Indicator,1,https://boardgamegeek.com/thread/2619192/old-man-tinker-root-fan-faction,https://steamcommunity.com/sharedfiles/filedetails/?id=2427183217,,https://discord.com/channels/860558905730007061/923393624878764052,https://drive.google.com/drive/folders/19tCC_9QTW682DUeLCUIr7CEyjfczjxA6?usp=share_link,"Out of nowhere the Old Man appeared with his wondrous automatons. He claims to come from the future, but is the war ravaged woodland he speaks of our fate? Or is he mad?",
29,Ermine Initiative,2024,,fraaab,,N,Testing,I,4,M,M,M,H,Brown,964B00,Weasel,,,,Warriors,15,,,,,,,,,,,,,,Infiltrations,5,FALSE,,,,,,,15,,,,,,,,,,,,https://discord.com/channels/476234833572397056/1219091251039698955,https://discord.com/channels/860558905730007061/1213882797505249331,,The confilct in this distant woodland is of vital importance. You must manipulate the outcome to our advantage.,
30,Chancellor’s Utopia,2024,,blbyblby,Rootjam 2024,N,Testing,M,6,M,H,M,M,Purple,C7afd9,Fox,,,,Warriors,25,,,,,,Palaces,7,FALSE,,,,,,Morality Tokens,6,FALSE,,,,,,,0,,,,,,,,,,,https://steamcommunity.com/sharedfiles/filedetails/?id=3246758339&searchtext=,https://discord.com/channels/476234833572397056/1238926499718107206,,https://blbyblby.itch.io/chancellors-utopia,Political power comes only through sacrifice of your ideals.,
31,Dawn of the Marquistadors,2023,,slugfacekillah,Doomed Expansion,N,Stable,M,9,L,M,H,M,Orange,Ce6f32,Cat,,,,Warriors,25,,,,,,Outposts,6,FALSE,,,,,,Wood,8,FALSE,Ship,1,,,,,0,,,,,,,,,,https://boardgamegeek.com/thread/2703995/eyries-end-vs-dawn-marquistadors-root-re-imagining,https://steamcommunity.com/sharedfiles/filedetails/?id=2916424744,,https://discord.com/channels/860558905730007061/889865432402653305,https://drive.google.com/drive/folders/1XK3bxRh_fkBbaFopR5p8CMFRHxq27sEa?usp=share_link,Scuttle the ship. We have arrived.,
32,Eyrie’s End,2023,,slugfacekillah,Doomed Expansion,N,Stable,M,10,M,H,M,M,Blue,3d69a9,Bird,,,,Warriors,20,Cardinals,5,,,,Roosts,7,FALSE,,,,,,Caravans,3,FALSE,,,,,,,8,,,,,,,,,,https://boardgamegeek.com/thread/2703995/eyries-end-vs-dawn-marquistadors-root-re-imagining,https://steamcommunity.com/sharedfiles/filedetails/?id=2916424744,,https://discord.com/channels/860558905730007061/889864781966745620,https://drive.google.com/drive/folders/1XK3bxRh_fkBbaFopR5p8CMFRHxq27sEa?usp=share_link,This avian empire shall not fall.,
33,Black Guard,2022,,coyote,,N,Stable,M,8,M,M,M,M,Black,0,Unknown,,,,Warriors,15,,,,,,Headquarters,3,TRUE,,,,,,Cells,4,FALSE,,,,,,,0,,,,,,,,,,,,,https://discord.com/channels/860558905730007061/891770470448394280,,,
34,Host of Light,2022,,totgeboren,Usurpers Expansion,N,Stable,M,8,L,L,H,M,Tan,Dbb494,Badger,,,,Warriors,14,,,,,,,,,,,,,,Firebrands,12,TRUE,,,,,,,5,,Fervor Marker,1,,,,,,,https://boardgamegeek.com/thread/2835480/the-usurpers-marauders-p-and-p-redux,,https://discord.com/channels/476234833572397056/1212706568269856778,,https://drive.google.com/file/d/1iYpvRLUU7ayDB4Se6NlkZ13qu5BfjFo7/view?usp=sharing,"Driven by a mandate from heaven, you are on a holy quest to bring this Woodland to the path of righteousness.",
35,Chameleander,2023,,thewy,Revelry Expansion,N,Stable,I,2,M,H,L,M,Green,5ca74c,Chameleon,,,,Warriors,1,,,,,,,,,,,,,,Ego Tokens,8,FALSE,,,,,,,0,,,,,,,,,,https://boardgamegeek.com/thread/3199086/chameleander-reborn-brief-how-i-updated-my-faction,https://steamcommunity.com/sharedfiles/filedetails/?id=2981102492,https://discord.com/channels/476234833572397056/1061429296641605653,https://discord.com/channels/860558905730007061/928687148100644924,https://docs.google.com/presentation/d/1AGxeL5Nn3vUQgeW6t6gkhfmhchAox_kpew5xAlBwVf4/edit?usp=sharing,,
36,Borough Kings,2022,,totgeboren,Usurpers Expansion,N,Stable,M,10,H,H,M,M,Brown,964B00,Rat,Mouse,,,Rat Warriors,16,Mouse Warriors,4,,,,Arsenals,6,FALSE,,,,,,Heralds,5,FALSE,,,,,,,6,,Warrior Supply Bag,1,,,,,,,https://boardgamegeek.com/thread/2835480/the-usurpers-marauders-p-and-p-redux,,https://discord.com/channels/476234833572397056/1212706568269856778,,https://drive.google.com/file/d/1iYpvRLUU7ayDB4Se6NlkZ13qu5BfjFo7/view?usp=sharing,"You have claimed lordship over this land, but discontent stirs. Apease the masses and fulfill your promises!",
37,Voracious Wyrm,2021,,totgeboren,,N,Stable,I,3,M,L,H,H,Red,f2461a,Snake,,,,Wyrmlings,8,,,,,,,,,,,,,,Fear Tokens,8,FALSE,,,,,,,0,,Pawn,1,Growth Markers,6,Treasure Items,3,,,,,https://discord.com/channels/476234833572397056/1020402790738182255,,,"Spread your minions through the underbrush, eat the puny warriors of the Woodland, and expand your treasure! Let all tremble in fear before the mighty Wyrm!",
38,Spinners of Mercy,2021,,totgeboren,,N,Stable,I,5,M,M,L,M,Teal,51b1ab,Spider,,,,Warriors,20,,,,,,Infirmaries,9,TRUE,,,,,,Webs,24,FALSE,,,,,,,0,,,,,,,,,,https://boardgamegeek.com/thread/2625247/spinners-mercy-fan-faction,https://steamcommunity.com/sharedfiles/filedetails/?id=2410799893,,https://discord.com/channels/860558905730007061/916484031137337395,,"War has come to the Woodlands, and it is up to your order to save as many lives as you can!",
39,Cirque du Goat,2022,,thewy,Revelry Expansion,N,Stable,I,5,H,M,M,L,Yellow,FFFF00,Goat,,,,Warriors,10,,,,,,,,,,,,,,Big Tops,2,FALSE,,,,,,,0,,Action Marker,1,Critics Marker,1,Accolades Markers,8,Relationship Markers,12,https://boardgamegeek.com/thread/2848611/article/39865404#39865404,https://steamcommunity.com/sharedfiles/filedetails/?id=2942378645,https://discord.com/channels/476234833572397056/1027375660462780507,https://discord.com/channels/860558905730007061/906348654237999105,https://docs.google.com/presentation/d/1Fwy-E0DwwZW1aywI2s5cYteu6HdXaN5u7ngca0phBuo/edit?usp=sharing,,lusk2
40,Tetacular Theocracy,2024,,Qel,Rootjam 2024,N,Testing,I,5,M,M,M,L,Pink,FFC0CB,Squid,,,,Warriors,16,Herald,1,,,,Altars,4,FALSE,,,,,,,,,,,,,,,8,,,,,,,,,,,,https://discord.com/channels/476234833572397056/1269405272707829834,,https://rafaelem.itch.io/the-tentacular-theocracy,,
41,King’s Gambit,2024,,fraaab,Rootjam 2024,N,Testing,M,10,H,L,H,M,Black,0,Wolf,,,,Light Wolf Pack,15,Dark Wolf Pack,15,,,,Light Castles,2,FALSE,Dark Castles,2,,,,,,,,,,,,,0,,Light Homeland Marker,1,Dark Homeland Marker,1,,,,,,,https://discord.com/channels/476234833572397056/1239723673565397014,,https://fraaab.itch.io/kings-gambit-rootjam-2024,Pieces must be sacraficed in every game of chess.,
42,The Ooze,2022,,Endgamer1331,Hinterlands Expansion,N,Stable,M,7,M,M,M,M,Green,5ca74c,Ooze,,,,Warriors,20,,,,,,Infestations,5,FALSE,,,,,,Slime Tokens,12,FALSE,,,,,,,0,,Mutations,9,,,,,,,https://boardgamegeek.com/thread/2986819/hinterlands-expansion-root-fan-expansion-tidal-fla,https://steamcommunity.com/sharedfiles/filedetails/?id=2842972671,,https://discord.com/channels/860558905730007061/913288500294582323,https://docs.google.com/presentation/d/1p4igYIxnzxtXZWXFyx2zznR9S3_bEiW7BzRF5WL3H-k/edit?usp=sharing,,
43,River Spirit Apostles,2023,,DomV,Rootjam 2023,N,Testing,I,3,M,H,L,H,Teal,51b1ab,Axolotl,,,,Warriors,12,,,,,,,,,,,,,,Force Tokens,3,FALSE,Faith Tokens,3,Flow Tokens,3,,,0,,,,,,,,,,,https://steamcommunity.com/profiles/76561197976417956/myworkshopfiles/?appid=286160&p=1&numperpage=18,https://discord.com/channels/476234833572397056/1106743261047042088,,https://drive.google.com/drive/folders/1ZY1PJ1ggQBpTN0ZVZO7mSv8WIk03rSJV?usp=sharing,,weird_doodle
44,Koalas Vegas,2023,,Esau,Rootjam 2023,N,Development,I,0,L,H,L,L,Black,0,Koala,,,,Warriors,10,,,,,,Koalasinos,5,FALSE,,,,,,Bet Tokens,10,FALSE,,,,,,,0,,Card Markers,5,,,,,,,,,,,https://esauroidesbarbus.itch.io/koalasvegas,Koalas live off eucalyptus and the thrill of gambling.,
45,Great Pretenders,2024,,spshaman,Mountain King Expansion,N,Testing,I,0,L,M,M,M,Lilac,ffffff,Opossum,,,,Warriors,20,,,,,,,,,,,,,,Bluff Tokens,6,FALSE,,,,,,,0,,,,,,,,,,,,https://discord.com/channels/476234833572397056/1276603741407019170,,,Our story will be filled with triumph and tragedy - provided no one looks to closely.,tinthefoil
46,The Crumbling Court,2024,,spshaman,Mountain King Expansion,N,Development,I,0,N,N,N,N,,ffffff,Ferret,,,,Warriors,,,,,,,,,,,,,,,,,,,,,,,,0,,,,,,,,,,,,https://discord.com/channels/476234833572397056/1276603741407019170,,,"The Mountain King's domain has fallen into chaos. Reestablish order before he wakes, lest his ire destroys us all.",tinthefoil
47,Blacktail Guild,2024,,spshaman,Mountain King Expansion,N,Development,M,8,H,M,L,H,Brown,964B00,Prairie Dog,,,,Warriors,30,,,,,,Worksites,8,FALSE,,,,,,,,,,,,,,,0,,,,,,,,,,,,https://discord.com/channels/476234833572397056/1276603741407019170,,,Your paws built whatever the tyrant demanded. But now you're free and unified. It's time to tear down the old Woodland and build it right.,tinthefoil
48,Sheriff King,2024,,spshaman,Mountain King Expansion,N,Development,M,7,L,L,H,M,Black,0,Snake,,,,Warriors,20,,,,,,Tollbooths,4,FALSE,Taxhouse,1,,,,Taxes,6,FALSE,,,,,,,0,,,,,,,,,,,,https://discord.com/channels/476234833572397056/1276603741407019170,,,You once upheald the law for lethargic royals. But gold on a crown does not make a king - only the gold in their coin purse.,tinthefoil
49,Shadow Clan,2024,,DaniPS,,N,Testing,I,0,L,H,L,H,Dark Blue,00008B,Bat,,,,Warriors,7,,,,,,,,,,,,,,Assassin Marks,3,FALSE,,,,,,,0,,Mini Maps,2,Secret Lair Location Marker,1,Screen,1,,,,,https://discord.com/channels/476234833572397056/1119651549178765413,,https://boardgamegeek.com/filepage/260590/shadow-clan-fan-faction,,
50,War Hogs,2024,,Zerogamer,,N,Testing,I,0,N,N,N,N,Brown,964B00,Warthog,,,,Warriors,20,,,,,,,,,,,,,,Mushroom Tokens,6,FALSE,,,,,,,0,,,,,,,,,,,,https://discord.com/channels/476234833572397056/1049696061192675338,,,The Chieftans will give you strength.,
51,Swamp Syndicate,2024,,tinthefoil,Rootjam 2024,N,Testing,I,0,M,M,H,M,Brown,964B00,Platypus,,,,Warriors,15,Mutant,1,,,,,,,,,,,,Generators,8,FALSE,,,,,,,3,,Suit Die,1,Faction Markers,12,,,,,,https://steamcommunity.com/sharedfiles/filedetails/?id=3246679296,https://discord.com/channels/476234833572397056/1235576089183518802,,https://tinthefoil.itch.io/the-swamp-syndicate,"You might lack a stomach, but your dark order still hungers for woodland domination.",tinthefoil
52,Grizzly Tribe,2021,,DomV,,N,Testing,M,7,H,M,H,L,Brown,964B00,Grizzly Bear,,,,Warriors,5,,,,,,Villages,6,TRUE,,,,,,Wild Growth Tokens,8,FALSE,,,,,,,10,,Honored Suit Marker,1,,,,,,,,https://steamcommunity.com/profiles/76561197976417956/myworkshopfiles/?appid=286160&p=1&numperpage=18,https://discord.com/channels/476234833572397056/1108848682738139137,,https://drive.google.com/drive/folders/1ZY1PJ1ggQBpTN0ZVZO7mSv8WIk03rSJV?usp=sharing,,
53,Snow Kingdom ii,2022,,slugfacekillah,,N,Stable,M,7,H,M,L,M,Light Blue,ADD8E6,Penguin,,,,Warriors,16,,,,,,Igloos,6,FALSE,,,,,,Snowflakes,10,FALSE,Ice Capitol,1,,,,,4,,,,,,,,,,,https://steamcommunity.com/sharedfiles/filedetails/?id=2516434159,,https://discord.com/channels/860558905730007061/942859891943546901,,,
54,Treetop Utopia,2024,,MrMirz,,N,Development,I,6,M,M,M,H,Purple,C7afd9,Squirrel,,,,Warriors,24,,,,,,Storehouses,6,FALSE,,,,,,Caches,8,FALSE,,,,,,,0,,,,,,,,,,,,https://discord.com/channels/476234833572397056/492091612550397973/1289273856904794144,,,,
55,Woodland Revolution,2020,,totgeboren,Root Ultimate Mod,N,Stable,I,0,H,M,M,H,Green,5ca74c,Mouse,Fox,Rabbit,,Warriors,10,,,,,,Bases,3,TRUE,,,,,,Sympathy Tokens,10,FALSE,,,,,,,0,,,,,,,,,,https://boardgamegeek.com/thread/2504938/wa-20-woodland-revolution,https://steamcommunity.com/sharedfiles/filedetails/?id=2441052554,,https://discord.com/channels/860558905730007061/936694353609515079,https://drive.google.com/file/d/1Cpu-SwWCyLU6pNgBvekv0iHgqF8i-CRY/view?usp=sharing,"Start off as a popular uprising, become increasingly violent, and end up as tyrannical as the rule you overthrew!",
56,Workshop Marquise,2020,,Esau,Root Ultimate Mod,N,Stable,M,10,L,M,M,M,Orange,Ce6f32,Cat,,,,Warriors,25,,,,,,Sawmills,6,FALSE,Workshops,6,Recruiters,6,,Wood,8,FALSE,Keep,1,,,,,0,,Fortress,3,,,,,,,https://boardgamegeek.com/thread/2415948/workshop-marquise-more-military-and-more-industrio,https://steamcommunity.com/sharedfiles/filedetails/?id=1297678386,,https://discord.com/channels/860558905730007061/936433850421235733,,You have conquered the forest. Now you must build a kingdom worthy of your name.,
57,Unearthed Duchy,2021,,spshaman,Root Ultimate Mod,N,Stable,M,8,M,H,M,M,Tan,Dbb494,Mole,,,,Warriors,20,,,,,,Graveyards,6,FALSE,,,,,,,,,,,,,,,9,,Crowns,9,Burrow,1,,,,,,https://steamcommunity.com/sharedfiles/filedetails/?id=2358900007,,,,,
58,Black Creek Pirates ii,2022,,RemiPipi,Root Ultimate Mod,N,Stable,I,0,N,N,N,N,Brown,964B00,Cat,,,,Warriors,15,,,,,,,,,,,,,,Ship,1,FALSE,,,,,,,0,,Buried Loot,5,Starting Items,8,,,,,https://boardgamegeek.com/thread/2081033/fan-faction-black-creek-pirates/page/1,https://steamcommunity.com/sharedfiles/filedetails/?id=2516434159,,https://discord.com/channels/860558905730007061/936701065393504358,,,
59,Necropossums Cabal,2019,,Mahganesh,Root Ultimate Mod,N,Stable,I,4,H,M,M,M,Purple,4c296d,Opossum,,,,Restless,15,Necros,3,,,,Cemeteries,3,TRUE,,,,,,,,,,,,,,,0,,Necro Action Markers,3,Macabre Wheel Marker,1,,,,,https://boardgamegeek.com/thread/2268939/necropossums-cabal-fan-faction,,,,,"Long hated, long despised, the dark marsupials return to the underwoods. The reek of death reigns the battlefields, the corpses litter the ground, and the we, the Necropussums have come as the dead for a dance...",
60,United Dove Corps,,,_freshb,,,,I,0,H,M,M,M,White,ffffff,Dove,,,,Warriors,15,,,,,,Clinics,2,FALSE,Schools,2,,,,Ceasefire/Peace Tokens,6,FALSE,,,,,,,0,,,,,,,,,,,,https://discord.com/channels/476234833572397056/1023294613391425636,,,,
61,United Dove Corps ii,2020,,MarcustheCat,Root Ultimate Mod,N,Stable,I,0,H,M,M,M,White,ffffff,Dove,,,,Warriors,15,,,,,,Clinics,2,FALSE,Schools,2,,,,Ceasefire/Peace Tokens,6,FALSE,,,,,,,0,,,,,,,,,,,,https://discord.com/channels/476234833572397056/1023294613391425636,,,,
62,Fangus Khan,2019,,BrooklynGameLab,Root Ultimate Mod,N,Stable,I,1,M,M,M,H,Maroon,550000,Snake,,,,Khan,1,Hatchlings,8,,,,,,,,,,,,Eggs,8,FALSE,,,,,,,0,,Frogs,3,,,,,,,https://boardgamegeek.com/thread/2187185/rise-of-khan,,,,https://drive.google.com/open?id=17lLGj7JBXLQDJJG1AYd8v2Zw6u2uhemS,,
63,Rockin’ Robin,2021,,Ehss,Root Ultimate Mod,N,Stable,I,0,M,L,M,H,Orange,Ce6f32,Robin,,,,Warriors,15,,,,,,Stages,5,FALSE,,,,,,,,,,,,,,,0,,,,,,,,,,,https://steamcommunity.com/sharedfiles/filedetails/?id=2425342824&searchtext=,,,,Build your claim to fame!,
64,Farmers of Hamstershire,2024,,Tacoman253,Harvest Expansion,N,Testing,I,0,L,H,L,M,Tan,Dbb494,Hamster,,,,Farmers,15,Sherif,1,,,,Farms,3,FALSE,Mills,3,,,,Grain Tokens,9,FALSE,,,,,,,0,,Relationship Markers,12,,,,,,,,,https://discord.com/channels/476234833572397056/1258186904797577256,,https://drive.google.com/drive/folders/15GQ7zEpqqJ7fd9iBPPROPnlzV12Nf_Os?usp=drive_link,The Farmers of Hamstershire want nothing more than to raise their crops and give gifts to their friends.,
65,Moonlight Kingdom,2024,,Tacoman253,Harvest Expansion,N,Testing,I,0,H,L,H,M,Grey,D3D3D3,Wolf,,,,Long Paws,9,Iron Jaws,6,,,,Dens,5,FALSE,,,,,,Banners,16,FALSE,,,,,,,4,,Favorite Marker,1,,,,,,,,,https://discord.com/channels/476234833572397056/1258186904797577256,,,,
66,Blossom Empire,2023,,DomV,,N,Testing,M,10,M,M,M,M,Yellow,FFFF00,Bee,,,,Warriors,35,Empress,1,,,,Hives,4,FALSE,,,,,,Nectar,10,FALSE,,,,,,,0,,,,,,,,,,,https://steamcommunity.com/profiles/76561197976417956/myworkshopfiles/?appid=286160&p=1&numperpage=18,https://discord.com/channels/476234833572397056/1095852198862262343,,https://drive.google.com/drive/folders/1ZY1PJ1ggQBpTN0ZVZO7mSv8WIk03rSJV?usp=sharing,"In the name of the Empress, you lead a massive invasion force to colonize the woodland, and get lots of honey!",
67,Arachnid Association,2019,,ChemicalReaction,,N,Stable,I,0,H,L,M,N,Purple,CF9FFF,Spider,,,,Spiders,5,Baby Spiders,20,,,,,,,,,,,,Webs,15,FALSE,Eggs,6,,,,,0,,Ability Markers,8,,,,,,,https://boardgamegeek.com/thread/2172917/arachnid-association-fan-faction,https://steamcommunity.com/sharedfiles/filedetails/?id=2516434159,,https://discord.com/channels/860558905730007061/936687318289489961,,"The spiders of the forest have awoken from their slumber. The forest is stirring - the small, furry prey have risen against each other in war, and the spiders are hungry. The hunt is on.",
68,Arachnid Association ii,2020,,ChemicalReaction,,N,Stable,I,0,H,L,M,L,Purple,CF9FFF,Spider,,,,Adult Spiders,5,Spiderlings,15,,,,,,,,,,,,Webs,15,FALSE,Eggs,3,,,,,0,,Mutation Markers,8,Incubation Markers,6,,,,,,https://steamcommunity.com/sharedfiles/filedetails/?id=2218281416,,https://discord.com/channels/860558905730007061/936687318289489961,,"The spiders of the forest have awoken from their slumber. The forest is stirring - the small, furry prey have risen against each other in war, and the spiders are hungry. The hunt is on.",
69,Black Creek Pirates,2018,,NorseHound,,N,Stable,I,0,N,N,N,N,Brown,964B00,Cat,,,,Warriors,15,,,,,,,,,,,,,,Ship,1,FALSE,,,,,,,0,,Buried Loot,5,Starting Items,8,,,,,https://boardgamegeek.com/thread/2081033/fan-faction-black-creek-pirates/page/1,https://steamcommunity.com/sharedfiles/filedetails/?id=2516434159,,https://discord.com/channels/860558905730007061/936701065393504358,,,
70,Bushtail Brigade,2023,,_loupin,,N,Stable,I,5,L,L,H,M,Purple,DA70D6,Squirrel,,,,Warriors,15,,,,,,,,,,,,,,Outposts,5,FALSE,,,,,,,0,,,,,,,,,,,,,https://discord.com/channels/860558905730007061/1017905884942315631,,The denizens of the Woodland have put their faith in you. For better or worse.,
72,United Colonies,2022,,Disasterman,,N,Stable,M,8,M,L,H,M,Maroon,550000,Ant,,,,Warriors,30,Commander Warriors,7,,,,Anthills,7,FALSE,,,,,,,,,,,,,,,7,,,,,,,,,,,https://steamcommunity.com/sharedfiles/filedetails/?id=2795017248,,https://discord.com/channels/860558905730007061/965638744772341760,,,disasterman
73,Woodland Clothing Co.,2024,,2Harriet,,N,Development,I,0,H,L,M,M,Tan,Dbb494,Wolf,,,,Warriors,20,,,,,,Caverns,3,FALSE,Textiles,3,,,,Bribe Tokens,5,FALSE,Sheepskin Tokens,12,,,,,12,,,,,,,,,,,,https://discord.com/channels/476234833572397056/1279491317293912176,,https://drive.google.com/drive/folders/1d0ICpUpmoVyQlB1lLXdV8AvnqMa48Dy7?usp=sharing,,
74,Junkyard Mongrels,2024,,2Harriet,,N,Development,I,5,M,H,H,M,Grey,D3D3D3,Dog,,,,Warriors,15,,,,,,Shelters,3,FALSE,Mounds,3,,,,Scent Tokens,6,FALSE,,,,,,,1,,Tracking Die,1,,,,,,,,,https://discord.com/channels/476234833572397056/1278736940224479302,,https://drive.google.com/drive/folders/1XsjZavlfh2YpNC_RVg9ptiJDyCFyHgLu?usp=sharing,,
75,Bristling Brigade,,,Azhdar,Root Ultimate Mod,N,Stable,I,0,M,M,H,M,,ffffff,Hedgehog,,,,Warriors,20,,,,,,Turrets,6,TRUE,,,,,,Catapult,1,FALSE,,,,,,,0,,,,,,,,,,,https://steamcommunity.com/sharedfiles/filedetails/?id=2516434159,,,,,
76,Bad Skunk-pany,,,Tikette,Root Ultimate Mod,N,Stable,I,0,H,M,M,L,,ffffff,Skunk,,,,Warriors,18,,,,,,Taverns,3,TRUE,,,,,,Specialists,9,FALSE,Renown Tokens,9,,,,,9,,,,,,,,,,,https://steamcommunity.com/sharedfiles/filedetails/?id=2516434159,,,,,
77,Frosty Theocracy,2022,,Supacatone,Root Ultimate Mod,N,Stable,I,0,H,M,L,L,,ffffff,Penguin,,,,Warriors,16,,,,,,Igloos,6,FALSE,,,,,,Snowflakes,10,FALSE,Capitol,1,,,,,4,,,,,,,,,,,https://steamcommunity.com/sharedfiles/filedetails/?id=2516434159,,https://discord.com/channels/860558905730007061/942859891943546901,,,
79,Dark Forest,2020,,Supacatone,Root Ultimate Mod,N,Stable,I,0,M,H,M,N,Green,5ca74c,Forest,,,,,,,,,,,Trees,3,FALSE,,,,,,Seeds,6,FALSE,Brambles,8,,,,,0,,Seed Counters,18,,,,,,,https://boardgamegeek.com/thread/2448739/fan-faction-dark-forest-and-dark-bewitched-forest,,,,https://drive.google.com/uc?export=download&id=1VPo2FesFADvhgO88WE7HNsh1CknsePRM,,
80,Ragoon,2021,,Esau,Root Ultimate Mod,N,Stable,I,0,M,M,M,L,Grey,D3D3D3,Raccoon,,,,,,,,,,,,,,,,,,,,,,,,,,,,15,,Pawn,1,Ruin Items,4,Relationship Markers,12,,,,https://steamcommunity.com/sharedfiles/filedetails/?id=2516434159,,,,,
81,Temple Guard,2021,,JustinInExile,Root Ultimate Mod,N,Stable,I,0,H,M,M,M,,ffffff,Panda,,,,Warriors,15,,,,,,Temples,5,FALSE,,,,,,Coins,10,FALSE,Focus Tokens,5,,,,,4,,,,,,,,,,,https://steamcommunity.com/sharedfiles/filedetails/?id=2516434159,,,,The emperor has set his gaze on new lands. What better way to conquer than to show the wealth and culture of his empire.,
82,Farmlands Cooperative,2021,,le_codex,Root Ultimate Mod,N,Stable,I,0,L,M,M,H,Tan,Dbb494,Squirrel,,,,Warriors,20,,,,,,Windmills,3,FALSE,,,,,,Fields,6,FALSE,,,,,,,0,,Growth Die,1,,,,,,,https://boardgamegeek.com/thread/2609835/faction-the-farmlands-cooperative,,,,,"After taking care of the sustenance of the woodland creatures, the Cooperative has decided to expand their agricultural empire!",
83,Plague Doctors,,,mildamatilda,Root Ultimate Mod,N,Stable,I,0,M,L,L,M,,ffffff,Mouse,Fox,Rabbit,,Sick Warriors,20,,,,,,Hospitals,2,FALSE,,,,,,Trust Tokens,99,FALSE,Distrust Tokens,99,,,,,0,,Fox Plague Doctor,1,Rabbit Plague Doctor,1,Mouse Plague Doctor,1,Relationship Markers,12,,https://steamcommunity.com/sharedfiles/filedetails/?id=2516434159,,,,,
84,Eagle King’s Court,,,mildamatilda,Root Ultimate Mod,N,Stable,I,0,H,M,M,M,,ffffff,Bird,,,,Warriors,30,,,,,,Castles,7,FALSE,,,,,,,,,,,,,,,11,,,,,,,,,,,https://steamcommunity.com/sharedfiles/filedetails/?id=2516434159,,,,,
85,Woodland Guard,2021,,mildamatilda,Root Ultimate Mod,N,Stable,I,0,H,L,M,M,,ffffff,Fox,,,,Warriors,12,,,,,,Prisons,15,TRUE,,,,,,,,,,,,,,,0,,Authority Markers,12,,,,,,,,https://steamcommunity.com/sharedfiles/filedetails/?id=2516434159,,,,,
86,Shoreline Consortium,,,Oranos,Root Ultimate Mod,N,Stable,I,0,H,H,L,M,,ffffff,Hummingbird,,,,Warriors,12,,,,,,Polders,4,FALSE,,,,,,Tulips,20,FALSE,Marshes,6,,,,,0,,,,,,,,,,,https://steamcommunity.com/sharedfiles/filedetails/?id=2516434159,,,,,
87,Nomads of the Great Shell,,,Oranos,Root Ultimate Mod,N,Stable,I,0,M,M,H,M,,ffffff,Lizard,Tortoise,,,Warriors,12,,,,,,,,,,,,,,Shells,8,FALSE,Camps,6,,,,,0,,Wound,1,Tortoise Pawn,1,Mood Tracker,1,Tortoise Board,1,,https://steamcommunity.com/sharedfiles/filedetails/?id=2516434159,,,,,
88,Upstart Packaging Service,2021,,le_codex,Rootjam 2021,N,Development,I,0,M,H,L,L,,ffffff,Bird,,,,Warriors,20,,,,,,Warehouses,6,FALSE,,,,,,Support Tokens,2,FALSE,Advertisment Tokens,2,Pass Tokens,2,Explosives,2,0,,Post Office Landmark,3,,,,,,,,,,,,,
89,Invasion of the Tinklones,2021,,Esau,Rootjam 2021,N,Development,I,0,H,H,L,M,,ffffff,Beaver,,,,Warriors,10,,,,,,Portals,4,FALSE,,,,,,Anomalities,10,FALSE,,,,,,,0,,Time Axis,1,Clock,1,Void Bag,1,,,,,,,,,
90,Free Leaders of the Nest,2021,,mildamatilda,Rootjam 2021,N,Development,I,0,N,N,N,N,,ffffff,Pelican,,,,Warriors,25,,,,,,Nests,7,FALSE,,,,,,,,,,,,,,,0,,Agenda Board,1,,,,,,,,,,,,,
91,Pig Troupe,2021,,GeneralMasterJack,Rootjam 2021,N,Development,I,5,N,N,N,N,,ffffff,Pig,,,,Warriors,20,,,,,,,,,,,,,,Celebrations,8,FALSE,,,,,,,0,,Heat Track Indicator,1,,,,,,,,,,,,,
92,Nocturnal Battalion,2021,,kpackard,Root Ultimate Mod,N,Stable,I,0,L,M,M,H,,ffffff,Bat,,,,Warriors,25,,,,,,,,,,,,,,Echoes,9,FALSE,Cave,1,,,,,0,,Echo Die,1,,,,,,,,https://steamcommunity.com/sharedfiles/filedetails/?id=2516434159,,,,,
93,Sagacious Scholars,2021,,Ehss,Root Ultimate Mod,N,Stable,I,6,M,L,M,M,,ffffff,Fox,,,,Warriors,25,,,,,,Libraries,6,FALSE,,,,,,,,,,,,,,,0,,,,,,,,,,,https://steamcommunity.com/sharedfiles/filedetails/?id=2488890201,,,,,
94,Bumblebee Dominion,2018,,McDougishole,Root Ultimate Mod,N,Stable,I,0,N,N,N,N,Yellow,E5dd32,Bee,,,,Warriors,30,,,,,,,,,,,,,,Flowers,12,TRUE,Hive Token,1,,,,,0,,Queen Token,1,,,,,,,https://boardgamegeek.com/thread/2097248/the-bumblebee-dominion-a-playtested-fan-faction,,,,https://drive.google.com/open?id=1oLu3Kk0y0ERJ4TP-1e5N76wI6ZKWr7Wh,,
95,Auspicious Augury,2019,,OrigamiGoblin,Root Ultimate Mod,N,Stable,I,0,H,M,M,L,Black,0,Bird,,,,Warriors,15,,,,,,,,,,,,,,Mists,8,FALSE,,,,,,,9,,,,,,,,,,https://boardgamegeek.com/thread/2202260/the-auspicious-augury-fan-faction,,,,https://boardgamegeek.com/filepage/181351/auspicious-augury-fan-faction,"The forest holds many secrets. With clarity, they can become reality.",
96,Pond Confederation,2018,,bdeink,Root Ultimate Mod,N,Stable,I,0,N,N,N,N,Light Blue,ADD8E6,Frog,,,,Warriors,15,,,,,,Ponds,7,FALSE,,,,,,Tadpoles,3,FALSE,,,,,,,0,,,,,,,,,,https://boardgamegeek.com/thread/2056998/the-pond-confederation-amphibian-fan-faction,,,,,"A coalition of frogs, toads and newts came together to secure a future for their kin.",
98,Degrowth Sloths,2022,,adriendittrick,,N,Stable,I,0,L,H,H,M,Tan,Dbb494,Sloth,,,,Warriors,15,,,,,,,,,,,,,,Eco-friendly Tokens,9,FALSE,,,,,,,0,,,,,,,,,,,,,https://discord.com/channels/860558905730007061/970728850931728384,,"Resources are disappearing in the forest. It is time to wake up, educate the woodlands, and fight the polluters. By force if necessary.",
99,Band o Vagabonds,2024,,JoniSmiff,,N,Development,I,0,N,N,N,N,Grey,D3D3D3,Raccoon,,,,,,,,,,,,,,,,,,,,,,,,,,,,0,,,,,,,,,,,,,https://discord.com/channels/860558905730007061/1193262926077886596,,"You wander the woods, finding those like you; working to secure a safe place in this old woodland that is taking new shape.",
100,Cunning Conservationists,2024,,KingLuigiNL,,N,Development,I,0,N,N,N,N,Grey,D3D3D3,Raccoon,,,,,,,,,,,,,,,,,,,,,,,,,,,,0,,,,,,,,,,,,,https://discord.com/channels/860558905730007061/1195113821329690725,,,
101,Forrest Moonshine,2024,,Makuruba,,N,Development,I,0,M,M,M,L,Black,0,Bear,Cat,,,Warriors,9,,,,,,Watchtowers,5,FALSE,,,,,,,,,,,,,,,0,,Forrest Pawn,1,Maces,3,,,,,,,,https://discord.com/channels/860558905730007061/1219981303164829727,,"Verily, in the vast wilderness, the tranquility hath been disrupted, and thou dost seeketh a path to restore harmony. Lo, the riots have spreadeth far and wide, and the season of winter slumber draweth nigh...",
102,Long Patrol,2023,,migal,,N,Testing,M,7,M,H,H,M,Tan,Dbb494,Rabbit,,,,Warriors,15,Officer,5,,,,Camps,3,FALSE,,,,,,,,,,,,,,,29,,,,,,,,,,,,,https://discord.com/channels/860558905730007061/1037419962345726002,https://www.dropbox.com/scl/fo/jqgxkqdonvyu5aia0iivi/h?rlkey=tks7k1vk3hct4vil4r5a54hfz&dl=0,,
103,The Colony,2024,,ghosting,,N,Development,M,7,N,N,N,N,Yellow,E5dd32,Bee,,,,Warriors,15,,,,,,Hives,7,FALSE,,,,,,Queens,5,FALSE,,,,,,,0,,,,,,,,,,,,https://discord.com/channels/476234833572397056/1288187505165861020,,,,ghosting
105,Goblin Junkers,2022,,Zerogamer,,N,Development,I,0,N,N,N,N,Green,5ca74c,Raccoon,,,,Warriors,15,,,,,,Power Stations,3,TRUE,,,,,,Scraps,8,FALSE,,,,,,,9,,Robot Pawn,1,,,,,,,,,https://discord.com/channels/476234833572397056/1019965350428819496,,,,
106,Wet Syndicate,2024,,Nono,,N,Development,I,0,H,M,L,L,Blue,3d69a9,Fish,,,,Administrator,3,Excavator,2,Worker,9,,Notices,4,FALSE,Construction Sites,3,,,,Eggs,6,FALSE,,,,,,,0,,Ponds,7,,,,,,,,https://steamcommunity.com/sharedfiles/filedetails/?id=3350439237,https://discord.com/channels/476234833572397056/1030114609308368896,,,,
107,Outcast Lizards,2022,,Phoenix1147,,N,Testing,I,5,M,M,M,M,Yellow,E5dd32,Lizard,,,,Warriors,25,,,,,,Temples,15,TRUE,,,,,,,,,,,,,,,0,,Outcast Marker,1,,,,,,,,,,https://discord.com/channels/860558905730007061/985240459309883473,https://drive.google.com/file/d/1MHP8o2sZ9ynB88JU5vGVOTa-xSLZaoZv/view?usp=sharing,,
108,Children of the Sun,2024,,SirFaff,Rootjam 2024,N,Development,I,0,N,N,N,N,Red,,Cat,,,,Warriors,21,,,,,,Altars,3,TRUE,,,,,,,,,,,,,,,0,,,,,,,,,,,,,,https://sirfaff.itch.io/children-of-the-sun-rootjam2024,,
109,Firedlings,2022,,GWR,Rootjam 2022,N,Development,I,4,M,H,H,M,Maroon,,Hirelings,,,,,,,,,,,,,,,,,,,,,,,,,,,,,,,,,,,,,,,,,,https://drive.google.com/open?id=1_Eep76eOQj1V3TLEtRQSJbP1LHpvRrHX,,
110,Skunk Artists,2022,,0benni0,Rootjam 2022,N,Development,I,5,H,H,M,M,Pink,,Skunk,,,,Warriors,12,,,,,,Ateliers,3,FALSE,,,,,,Inspiration Tokens,6,FALSE,,,,,,,0,,Masterworks,9,,,,,,,,https://steamcommunity.com/sharedfiles/filedetails/?id=2808659744&searchtext=,,,https://drive.google.com/open?id=1XosKVMeuuPpu6E9ke4MFOrF7_tqPZkeO,,
111,Lumbering Cavalcade,2022,,smithyelliott,Rootjam 2022,N,Development,I,6,H,H,L,L,Yellow,,Hare,Tortoise,,,,,,,,,,,,FALSE,,,,,,Carrot,1,FALSE,Naps,5,,,,,0,,Hare Pawn,1,Tortoise Clearing,1,,,,,,https://steamcommunity.com/sharedfiles/filedetails/?id=2809128176,,,https://drive.google.com/open?id=1PvL095GZQjJYEnj0CDPVwjjeZxoxkV1Q,,
112,Hares Houdini Real Estate Agency,2022,,Thewy,Rootjam 2022,N,Development,I,3,H,M,M,M,Black,,Hare,,,,Black Hare,10,White Hare,10,,,,,,FALSE,,,,,,Whisp Tokens,10,FALSE,,,,,,,1,,Rabbit Hole,1,Portal Landmark,1,Ruins,4,Items (Coins Crossbow Tea Torch),4,,https://drive.google.com/file/d/199vXg-ZMLdDHEueBIs4rjqC_Xshlz6kQ/view?usp=sharing,,,https://drive.google.com/open?id=1xoBpIQr_7YKJCht2bPyrLvkcPUiguNcN,,
113,Adventuring League,2022,,le_codex,Rootjam 2022,N,Development,I,6,M,M,M,M,Teal,,Fox,,,,Warriors,20,,,,,,,,FALSE,,,,,,Glory Tokens,6,FALSE,Favor Tokens,6,,,,,0,,,,,,,,,,,https://drive.google.com/file/d/1vtlXgh3tcl60VNJnwIRVaqUMOMwD_EuB/,,,https://drive.google.com/open?id=1qQJBOGi3xck06t_J59FSMmb-Fnlfy6DG,,
114,Honey Tasters Assn,2022,,Didou13,Rootjam 2022,N,Development,I,6,M,H,M,M,Maroon,,Badger,Bird,,,Honeyguide,12,Honeybadger,12,,,,Burrows,6,FALSE,,,,,,Honey Tokens,6,FALSE,,,,,,,16,,Action Board,2,,,,,,,,,,,https://drive.google.com/open?id=1rSbE7Zm83iIuDZK1mTfU2iA28BUG0rIO,,
115,Mirror Meerkats,2022,,enzo_d,Rootjam 2022,N,Development,M,8,N,N,N,N,Blue,,Meerkat,,,,Warriors,24,,,,,,Watchtowers,4,FALSE,Warehouses,4,,,,,,FALSE,,,,,,,0,,Map Clearing Keys,4,,,,,,,,,,,https://drive.google.com/open?id=1I7nsRnUgc5o84KFt9vEyUxglbMEqPcg8,,
116,Cuckoo Correspondence,2022,,PoorDeadNick,Rootjam 2022,N,Development,I,6,L,H,L,M,Green,,Bird,,,,Warriors,30,,,,,,,,FALSE,,,,,,,,FALSE,,,,,,,0,,,,,,,,,,,https://steamcommunity.com/sharedfiles/filedetails/?id=2809078125,,,https://drive.google.com/open?id=1-0QiN0v4CQ-2mxQbZQpC0rs6fK_zx-t5,,
118,Weasel Syndicate,2022,,deenoo,Rootjam 2022,N,Development,I,4,H,M,L,M,Purple,,Weasel,,,,Warriors,12,,,,,,Cells,6,FALSE,,,,,,Advisors,6,FALSE,,,,,,,0,,,,,,,,,,,,,,https://drive.google.com/open?id=1qPYjKI_hV--8kaev_PKEySjkixcLzCHX,,
119,It Takes Two Hours,2022,,Esau,Rootjam 2022,N,Development,I,4,L,M,M,M,Grey,,Beaver,,,,Warriors,12,,,,,,Clocktowers,6,FALSE,,,,,,,,FALSE,,,,,,,0,,2 Minute Sandglass,1,,,,,,,,https://drive.google.com/file/d/1XcrCZCKw199rJ9ge6SDd-kZ5cOZ3c9ZU/view?usp=sharing,,,https://drive.google.com/open?id=1MWK-xbzLGNybzmPkvZ1XAN1zS2JkAc_3,,
120,Sciuridae Union,2022,,Qeyrie,Rootjam 2022,N,Development,M,7,H,L,H,M,Green,,Squirrel,Chipmunk,,,Squirrel Warriors,12,Chipmunk Warriors,8,,,,Squirrel Saplings,3,FALSE,Chipmunk Saplings,3,,,,Stash Tokens,4,FALSE,Squirrel Caps,5,Chipmunk Caps,5,,,0,,Active Piece Tracker,2,,,,,,,,https://drive.google.com/file/d/1WrWP-rLapBNf4a8caSY-0yvemPUzBiw3/view?usp=sharing,,,https://drive.google.com/open?id=1yVMKxHCUkQOyLsqRxlx_vBGqlRPp695U,,
121,The Hunt and The Menace,2022,,Disasterman,Rootjam 2022,N,Development,I,3,M,M,H,M,Green,,Snake,Fox,,,Hunt Warriors,10,Menace Warriors,1,,,,,,FALSE,,,,,,Traps,3,FALSE,,,,,,,0,,,,,,,,,,,https://steamcommunity.com/sharedfiles/filedetails/?id=2808606485,,,https://drive.google.com/open?id=1dc8Rf4ZSFcQC89MBCjQfdCxWggVc5yQk,,disasterman
122,Serpent Syndicate,2022,,mcauthor,Rootjam 2022,N,Development,I,4,H,H,M,M,Green,,Snake,,,,Warriors,20,,,,,,Crafting Embassies,3,TRUE,VP/Card Embassies,6,Temple,1,,Crafting Tokens,9,TRUE,VP Tokens,3,Card Tokens,3,,,0,,Favor Marker,1,,,,,,,,,,,https://drive.google.com/open?id=1SNOwnGIR1GU_z_K4WwNEDl9JZskRJP5l,,
124,Roundear Concordat,2022,,LilyG,Rootjam 2022,N,Development,I,6,H,M,M,M,Red,,Elephant,Mouse,,,Warriors,20,,,,,,Outposts,8,FALSE,,,,,,,,FALSE,,,,,,,0,,,,,,,,,,,,,,https://drive.google.com/open?id=1PysoiaUtBLv1F0Vtg0lRT37oJHPYJ0vB,,
125,Turtle Theocracy,2022,,Celdur,Rootjam 2022,N,Development,I,5,H,M,L,H,Green,,Turtle,,,,Warriors,15,,,,,,,,FALSE,,,,,,Temples,6,FALSE,,,,,,,0,,Vassal Marker,,,,,,,,,https://steamcommunity.com/sharedfiles/filedetails/?id=2809141981,,,https://drive.google.com/open?id=1TeVLYCXT30Ljy_9lCkZll2ntHc2TufPb,,
126,Mustelidae Monastery,2022,,Opie'sFuneral,Rootjam 2022,N,Development,I,4,L,M,M,M,Purple,,Fox,,,,Warriors,15,,,,,,Belltowers,4,FALSE,Belfries,1,,,,Notations,5,FALSE,,,,,,,0,,,,,,,,,,,,,,https://drive.google.com/open?id=1t_0qnzzSXJWNqD_t5BfJiaeMys0z_Yx5,,
127,Playwrights,2022,,Jaden&LexiToons,Rootjam 2022,N,Development,I,3,L,H,M,L,Purple,,Dog,,,,Warriors,15,,,,,,Comedies,3,FALSE,Tragedies,3,,,,,,FALSE,,,,,,,0,,,,,,,,,,,,,,https://drive.google.com/open?id=1HuMQeo87HC9z-_XoRvU7AmSw6UZAtlqN,,
128,Scrapper Crews,2022,,Will#1145,Rootjam 2022,N,Development,M,9,M,H,H,M,Purple,,Bird,,,,Baron,15,Chirp,15,,,,Semaphores,4,FALSE,,,,,,Refuse Tokens,6,FALSE,,,,,,,4,,,,,,,,,,,https://steamcommunity.com/sharedfiles/filedetails/?id=2808772040,,,https://drive.google.com/open?id=1ck6if3nRI9w0F-iPBqOCOvqyliV8-_gn,,
129,Feudal Federation,2022,,Endgamer1331,Rootjam 2022,N,Development,I,5,M,M,M,M,Red,,Fox,Rabbit,,,Samurai,7,Farmer,13,,,,Fortresses,3,FALSE,Farms,5,,,,Wheat/Hay,10,FALSE,,,,,,,1,,,,,,,,,,,https://steamcommunity.com/sharedfiles/filedetails/?id=2808579012,,,https://drive.google.com/open?id=12kFjS5_iN6vniVbT7iedXAloqz-c06Ba,,
130,Waterway Accord,2022,,VickTheOne,Rootjam 2022,N,Development,I,6,N,N,N,N,Green,,Crocodile,Bird,,,Crocodile Warriors,16,Bird Warriors,8,,,,Embassies,7,FALSE,,,,,,,,FALSE,,,,,,,0,,,,,,,,,,,https://steamcommunity.com/sharedfiles/filedetails/?id=2808857246,,,https://drive.google.com/open?id=13R_uJKg8qJG1uNCSKSQIQIoVDmnYq3C9,,
131,Acorn Farmers Guild,2022,,MarcustheCat,Rootjam 2022,N,Development,M,7,M,M,M,M,Green,,Squirrel,,,,Militia,15,Farmer,10,,,,Farms,12,TRUE,,,,,,,,FALSE,,,,,,,0,,,,,,,,,,,https://drive.google.com/file/d/1gXPZ40CtVO7TIUqpS8ALWIXQYg7-j3SI/view?usp=sharing,,,https://drive.google.com/open?id=13F4tqvfPQlua7GQgBGqsm4GtlTiEOJfr,,
132,Lochwood Diarchy,2022,,stuffbyrudy,Rootjam 2022,N,Development,M,7,M,L,H,H,Teal,,Weasel,Mink,,,Weasel Warriors,15,Mink Warriors,10,,,,Nests,5,FALSE,Dens,7,,,,,,FALSE,,,,,,,6,,Daylight Card,1,,,,,,,,https://steamcommunity.com/sharedfiles/filedetails/?id=2808638957,,,https://drive.google.com/open?id=1AA9vgCuYjHsE3cnZjowG_R30GidrEREE,,
133,Strigine League,2022,,Guerric Samples,Rootjam 2022,N,Development,M,7,N,N,N,N,Blue,,Owl,,,,Warriors,20,,,,,,Boomtowns,6,FALSE,Mines,6,,,,,,FALSE,,,,,,,0,,Favor Markers,1,Purple Vote Pawns,10,Green Vote Pawns,10,,,,,,,https://drive.google.com/open?id=1DChNZLpsasLu0MSrKDBKBvR-7vIIeocf,,
134,Cataclysmic Kitties,2022,,annoyingalchemist,Rootjam 2022,N,Development,M,8,H,L,H,M,Black,,Cat,,,,Warriors,20,,,,,,Obelisks,5,FALSE,,,,,,Battle Tokens,3,FALSE,Move Tokens,3,Corrupt Tokesn,3,Desecrate Tokens,3,0,,,,,,,,,,,,,,https://drive.google.com/open?id=1F-UrOrhMrSuKsQurd6-AGiDNl0UDB9H0,,
135,Bore-mans,2022,,Kabong,Rootjam 2022,N,Development,I,0,H,L,L,M,Purple,,Boar,,,,Baron,6,Peasant,14,,,,Castles,5,FALSE,,,,,,Huts,5,FALSE,Citadels,1,,,,,0,,,,,,,,,,,,,,https://drive.google.com/file/d/1scvTyd2KnLv3OR0T9HlXUsz4HP7XqDwP/view?usp=sharing,,
136,Order of the Scale,2024,,Endgamer1331,Rootjam 2024,N,Development,I,5,M,M,M,M,Tan,,Pangolin,,,,Warriors,24,,,,,,Temples,7,FALSE,,,,,,,,FALSE,,,,,,,0,,Action Dice,7,,,,,,,,https://steamcommunity.com/sharedfiles/filedetails/?id=3245737319,https://discord.com/channels/476234833572397056/1235480882282889277,,https://docs.google.com/presentation/d/1pB5h97vhffLLzNU4Ov-1F0Ls3Zl-9prAkcBBy5wadP0/edit?usp=drivesdk,,
137,Squirrel Cell,2024,,alexonemillion,Rootjam 2024,N,Development,I,0,M,H,L,M,Orange,,Squirrel,,,,Warriors,14,,,,,,Safe Houses,5,FALSE,,,,,,Acorn Bombs,8,FALSE,,,,,,,0,,,,,,,,,,,,,,https://alexonemillion.itch.io/the-squirrel-cell-rootjam-2024,,alexonemillion
138,Galvanic Cultists,2024,,Blichew,Rootjam 2024,N,Development,M,7,M,M,H,M,Purple,,Crow,,,,Warriors,20,,,,,,Power Stations,4,FALSE,,,,,,,,FALSE,,,,,,,0,,Suited Action Cubes,9,Wild Action Cubes,4,Meaty Pawn,1,Bag,1,,,,,https://blichew.itch.io/galvanic-cultists-aka-meatys-fanclub,,
139,Order of the Phoenix,2024,,Blichew,Rootjam 2024,N,Development,M,8,H,H,M,L,Red,,Bird,,,,Warriors,15,Phoenix,5,,,,Nests,6,FALSE,,,,,,Sacrifices,8,FALSE,,,,,,,0,,,,,,,,,,,,,,https://blichew.itch.io/order-of-the-phoenix-not-that-one-rootjam-2024,,
140,Covenant of the Onyx Flame,2024,,Blichew,Rootjam 2024,N,Development,M,7,M,M,M,M,Green,,Unknown,,,,Warriors,28,,,,,,Altars,6,FALSE,,,,,,,,FALSE,,,,,,,0,,Soul Level Counter,1,,,,,,,,,,,https://blichew.itch.io/covenant-of-the-onyx-flame-rootjam-2024,,
142,Busy Beavers,2024,,louisnon,,N,Development,I,4,M,L,L,H,Brown,,Beaver,,,,Warriors,12,,,,,,Dams,4,FALSE,,,,,,Wood,8,FALSE,,,,,,,0,,Landmarks,5,Flooded Paths,6,,,,,,,https://discord.com/channels/476234833572397056/1294014187172921378,,,,
143,Order of the Oak,2024,,balab,,N,Testing,M,7,N,N,N,N,Green,,Deer,,,,Warriors,20,,,,,,Oaks,6,FALSE,,,,,,Blocades,3,FALSE,,,,,,,4,,,,,,,,,,,,https://discord.com/channels/476234833572397056/1217586445955629086,https://discord.com/channels/860558905730007061/1200962352871395429,,All these factions claim to speak for the Woodland while cutting down her trees. You shall show them the real might of the woods...,tinthefoil
144,Red Guard,2023,,vuoripeikko,Root Ultimate Mod,N,Testing,M,7,M,M,H,L,Red,,Red Panda,,,,Warriors,20,,,,,,,,FALSE,,,,,,Honors,9,TRUE,,,,,,,0,,War Wagon,1,,,,,,,,https://discord.com/channels/476234833572397056/1096194105614282783/1096194105614282783,https://discord.com/channels/476234833572397056/1096194105614282783,,https://www.dropbox.com/s/vnenrnbrxt63lwi/Red_Guard.zip?dl=0,"Disgraced and forced to flee from your kingdom far away, you arrive in the woods at the edge of the coming conflict. Sharpen the spears, patch the wounds - this is a new beginning for the guard.",
145,Sect of the Sacred Orb,2024,,annoyingalchemist,Rootjam 2024,N,Development,I,5,H,M,L,M,Blue,,Goat,,,,Warriors,13,,,,,,,,FALSE,,,,,,Orb,1,FALSE,Wards,3,,,,,0,,Altar Markers,4,Revenant Pawn,1,Aggression marker,1,Curse Markers,4,,https://steamcommunity.com/sharedfiles/filedetails/?id=3246214923,https://discord.com/channels/476234833572397056/1236195450449690664,,,,
,Lilypad Plunderers,2023,,moloman,Peasants & Plunderers,N,Development,I,0,M,H,L,M,Brown,,Toad,,,,Warriors,20,,,,,,Watermills,8,FALSE,,,,,,Crops,8,FALSE,,,,,,,0,,Swamps,6,,,,,,,,,,,https://www.artstation.com/artwork/yDmAv8,,moloman
,The Stink Posse,2023,,moloman,Peasants & Plunderers,N,Development,I,0,M,L,M,L,Green,,Skunk,,,,Warriors,15,,,,,,Aroma Huts,4,FALSE,,,,,,Stink Tokens,10,FALSE,,,,,,,0,,Stink Marker,1,,,,,,,,,,,https://www.artstation.com/artwork/yDmAv8,,moloman
,Eyes of Tarsiera,2023,,lusk2,Rootjam 2023,N,Development,I,0,M,M,M,M,Tan,,Tarsier,,,,Warriors,20,,,,,,Palaces,5,FALSE,,,,,,Foresight Tokens,2,FALSE,,,,,,,7,,Omen Die,1,,,,,,,,https://steamcommunity.com/sharedfiles/filedetails/?id=2975951752,https://discord.com/channels/476234833572397056/1104044513363767296,,https://strupeny.itch.io/eyesoftarsiera,"Your people know that before the Eyrie, the Woodland was your home. Now, you return to a foreign land to fulfill an ancient prophecy - you will rule again.",lusk2
,Abomination Propagation,2024,,Tuesdaywarrior,,N,Development,M,8,M,L,H,L,Purple,,Mushroom,,,,Warriors,15,,,,,,Labs,3,FALSE,,,,,,Spores,8,FALSE,,,,,,,0,,Abomination Pawn,1,,,,,,,,,https://discord.com/channels/476234833572397056/1299833146443042836,,,Grow and spread in the wake of its destruction.,