10/31/2024 2:54:00,GDCytosine+9164,Myles+2125,devinblox+9150,SoulDataFMAB+1794,Woodland Alliance,Corvid Conspiracy,Underground Duchy,Vagabond (Scoundrel),Riverfolk Company,28,22,30,Coalition w/Woodland Alliance,0.00,0.00,1.00,0.00,Autumn,E&P,Random,Live,https://discord.com/channels/476234833572397056/1301354875690418177
10/31/2024 3:50:00,FakeSki+4232,bwebby+1847,Deejaythink+9834,HobGungan+2914,Corvid Conspiracy,Eyrie Dynasties,Underground Duchy,Riverfolk Company,Marquise de Cat,22,27,32,18,0.00,0.00,1.00,0.00,Autumn,E&P,,Async,https://discord.com/channels/476234833572397056/1299131018153955472
10/31/2024 4:49:00,Jarhed12+6549,deathprod+3566,Matt516+2460,1coolguy+6294,Lizard Cult,Vagabond (Thief),Underground Duchy,Eyrie Dynasties,Woodland Alliance,23,29,30,21,0.00,0.00,1.00,0.00,Lake,E&P,Random,Async,https://discord.com/channels/476234833572397056/1296273051587186718
10/31/2024 9:45:00,yauhen+8851,TheWiseFox+8428,MaxMin+2105,AlexP+2435,Woodland Alliance,Marquise de Cat,Eyrie Dynasties,Underground Duchy,Riverfolk Company,23,17,22,30,0.00,0.00,0.00,1.00,Lake,E&P,Random,Async,https://discord.com/channels/476234833572397056/1294926955283615788
10/31/2024 9:49:00,greenplastic90+3616,Matoto+8242,Ouki01+4037,AlexP+2435,Corvid Conspiracy,Lizard Cult,Eyrie Dynasties,Vagabond (Thief),Underground Duchy,22,16,10,30,0.00,0.00,0.00,1.00,Winter,E&P,,Async,https://discord.com/channels/476234833572397056/1298280316422590475
10/31/2024 16:03:00,Holysheva+0413,Tyr11+4081,Furry0329+6442,TheWiseFox+8428,Vagabond (Vagrant),Lizard Cult,Woodland Alliance,Underground Duchy,Vagabond (Scoundrel),28,24,30,19,0.00,0.00,1.00,0.00,Mountain,E&P,Random,Async,https://discord.com/channels/476234833572397056/1299495330819342376
10/31/2024 19:15:00,KFull+1226,Pyrocrab+5064,TercMa+9283,Fearteiler+8050,Marquise de Cat,Lizard Cult,Woodland Alliance,Underground Duchy,Vagabond (Harrier),22,17,25,30,0.00,0.00,0.00,1.00,Autumn,E&P,,Async,https://discord.com/channels/476234833572397056/1298434122665955340
10/31/2024 20:20:00,robinsrus9+9439,TheWiseFox+8428,bwebby+1847,Peppy+6321,Eyrie Dynasties,Vagabond (Arbiter),Underground Duchy,Lizard Cult,Riverfolk Company,29,Coalition w/Underground Duchy,30,25,0.00,0.50,0.50,0.00,Mountain,E&P,,Async,https://discord.com/channels/476234833572397056/1297905396316508181
10/31/2024 20:39:00,Killerstorm17+3440,jambi997+2298,HuntingGirl37+3550,Job123+0665,Lizard Cult,Corvid Conspiracy,Underground Duchy,Eyrie Dynasties,Marquise de Cat,31,15,4,5,1.00,0.00,0.00,0.00,Mountain,E&P,Random,Async,https://discord.com/channels/476234833572397056/1301627633343139891
11/1/2024 2:32:00,SoulDataFMAB+1794,Matt516+2460,Namzies+1928,Aeliott+7118,Vagabond (Scoundrel),Lizard Cult,Eyrie Dynasties,Underground Duchy,Corvid Conspiracy,22,30,17,15,0.00,1.00,0.00,0.00,Winter,E&P,,Async,https://discord.com/channels/476234833572397056/1300561991680917645
11/1/2024 10:54:00,HobGungan+2914,ExodiaDoggo+4205,skellen+1863,Kumori+0599,Underground Duchy,Lizard Cult,Woodland Alliance,Vagabond (Ronin),Riverfolk Company,10,30,15,23,0.00,1.00,0.00,0.00,Lake,E&P,Random,Async,https://discord.com/channels/476234833572397056/1298625042023841816
11/1/2024 12:34:00,Holysheva+0413,BrorWolf25+7581,NadtyLite+7330,Hoffenpepper+6941,Riverfolk Company,Woodland Alliance,Eyrie Dynasties,Underground Duchy,Marquise de Cat,25,24,30,20,0.00,0.00,1.00,0.00,Mountain,E&P,Random,Async,https://discord.com/channels/476234833572397056/1300514660658839552
11/1/2024 16:21:00,Youdge+8117,ExodiaDoggo+4205,1coolguy+6294,Namzies+1928,Riverfolk Company,Underground Duchy,Eyrie Dynasties,Vagabond (Tinker),Vagabond (Ronin),18,18,24,31,0.00,0.00,0.00,1.00,Lake,E&P,,Async,https://discord.com/channels/476234833572397056/1296165369060261970
11/1/2024 17:22:00,TheWiseFox+8428,NadtyLite+7330,Matt516+2460,Tyr11+4081,Woodland Alliance,Corvid Conspiracy,Eyrie Dynasties,Underground Duchy,Marquise de Cat,30,29,25,24,1.00,0.00,0.00,0.00,Winter,E&P,,Async,https://discord.com/channels/476234833572397056/539979741420322836/1301937747618959390
11/1/2024 17:37:00,lumpyprol+3206,Namzies+1928,ActiveAxon+8546,pookypossum+9865,Woodland Alliance,Vagabond (Ronin),Marquise de Cat,Eyrie Dynasties,Underground Duchy,32,Coalition w/Marquise de Cat,26,18,1.00,0.00,0.00,0.00,Winter,E&P,,Async,https://discord.com/channels/476234833572397056/1300567804617166940
11/1/2024 22:14:00,Proffian+5891,KFull+1226,Matt516+2460,SoulDataFMAB+1794,Corvid Conspiracy,Eyrie Dynasties,Marquise de Cat,Vagabond (Thief),Lizard Cult,21,28,33,23,0.00,0.00,1.00,0.00,Winter,E&P,,Async,https://discord.com/channels/476234833572397056/1298024380848275470
11/2/2024 4:23:00,phannyak+8285,Namzies+1928,TheWiseFox+8428,Holysheva+0413,Corvid Conspiracy,Marquise de Cat,Woodland Alliance,Underground Duchy,Vagabond (Thief),15,23,11,31,0.00,0.00,0.00,1.00,Autumn,E&P,Random,Async,https://discord.com/channels/476234833572397056/1300477618084249665
11/2/2024 5:06:00,lumpyprol+3206,Ctfox+5431,Furry0329+6442,TercMa+9283,Riverfolk Company,Vagabond (Adventurer),Underground Duchy,Eyrie Dynasties,Marquise de Cat,18,24,31,Mouse Dom,0.00,0.00,1.00,0.00,Mountain,E&P,Random,Async,https://discord.com/channels/476234833572397056/1301376100416487445
11/2/2024 11:23:00,snapfish295+8182,Unkannie+6295,Aeliott+7118,TercMa+9283,Vagabond (Scoundrel),Vagabond (Tinker),Corvid Conspiracy,Marquise de Cat,Lizard Cult,18,24,22,30,0.00,0.00,0.00,1.00,Mountain,E&P,,Async,https://discord.com/channels/476234833572397056/539979741420322836/1302227666082201640
11/2/2024 14:44:00,HobGungan+2914,ActiveAxon+8546,RustySpruce+2483,NadtyLite+7330,Lizard Cult,Riverfolk Company,Vagabond (Harrier),Underground Duchy,Marquise de Cat,17,28,31,27,0.00,0.00,1.00,0.00,Lake,E&P,Random,Async,https://discord.com/channels/476234833572397056/1296842443706208309/1300468034816835706
11/2/2024 16:22:00,TheWiseFox+8428,bwebby+1847,Namzies+1928,cringelordirl+3838,Eyrie Dynasties,Vagabond (Adventurer),Woodland Alliance,Corvid Conspiracy,Lizard Cult,25,20,11,30,0.00,0.00,0.00,1.00,Autumn,E&P,Random,Async,https://discord.com/channels/476234833572397056/1300580888492642408/1302305932671320195
11/2/2024 17:43:00,Emperia+9282,Holysheva+0413,Proffian+5891,KFull+1226,Vagabond (Adventurer),Woodland Alliance,Vagabond (Arbiter),Eyrie Dynasties,Corvid Conspiracy,23,30,17,9,0.00,1.00,0.00,0.00,Winter,E&P,,Async,https://discord.com/channels/476234833572397056/1298036023389061160
11/2/2024 17:58:00,GDCytosine+9164,Myfirstdime+8673,Amazing moondog+4878,Umiya+8617,Lizard Cult,Woodland Alliance,Underground Duchy,Marquise de Cat,Eyrie Dynasties,17,7,20,30,0.00,0.00,0.00,1.00,Mountain,E&P,,Live,https://discord.com/channels/476234833572397056/1302316302165344347
11/2/2024 19:02:00,Umiya+8617,robinsrus9+9439,KFull+1226,OrcaJoe+2556,Woodland Alliance,Marquise de Cat,Underground Duchy,Riverfolk Company,Vagabond (Ranger),30,24,26,27,1.00,0.00,0.00,0.00,Mountain,E&P,,Live,https://discord.com/channels/476234833572397056/1294888638026485771
11/2/2024 20:40:00,devinblox+9150,Hoffenpepper+6941,Umiya+8617,Job123+0665,Marquise de Cat,Corvid Conspiracy,Underground Duchy,Riverfolk Company,Vagabond (Thief),28,13,30,20,0.00,0.00,1.00,0.00,Lake,E&P,,Live,https://discord.com/channels/476234833572397056/1302351405251694703
11/2/2024 22:28:00,Amazing moondog+4878,Vsquirrel+9158,Umiya+8617,Job123+0665,Lizard Cult,Woodland Alliance,Marquise de Cat,Riverfolk Company,Vagabond (Adventurer),21,20,30,17,0.00,0.00,1.00,0.00,Lake,E&P,,Live,https://discord.com/channels/476234833572397056/1302375320783032381
11/2/2024 23:24:00,cringelordirl+3838,NadtyLite+7330,dindane+0250,ZachB+8726,Lizard Cult,Eyrie Dynasties,Woodland Alliance,Riverfolk Company,Vagabond (Scoundrel),27,33,15,21,0.00,1.00,0.00,0.00,Autumn,E&P,,Async,https://discord.com/channels/476234833572397056/1301362907472199791
11/3/2024 2:42:00,1coolguy+6294,lumpyprol+3206,SluyGuy+5208,TheWiseFox+8428,Woodland Alliance,Eyrie Dynasties,Lizard Cult,Underground Duchy,Marquise de Cat,18,30,16,10,0.00,1.00,0.00,0.00,Lake,E&P,,Async,https://discord.com/channels/476234833572397056/1299157820041592854
11/3/2024 5:29:00,NadtyLite+7330,Furry0329+6442,MrRiceGuy+5849,Emperia+9282,Marquise de Cat,Underground Duchy,Vagabond (Adventurer),Eyrie Dynasties,Vagabond (Harrier),18,32,Coalition w/Eyrie Dynasties,17,0.00,1.00,0.00,0.00,Mountain,E&P,Random,Async,https://discord.com/channels/476234833572397056/1300121147744190557
11/3/2024 5:37:00,Namzies+1928,cringelordirl+3838,ActiveAxon+8546,SoulDataFMAB+1794,Vagabond (Ronin),Marquise de Cat,Vagabond (Thief),Underground Duchy,Riverfolk Company,30,29,24,26,1.00,0.00,0.00,0.00,Mountain,E&P,,Async,https://discord.com/channels/476234833572397056/1300568890740576346
11/3/2024 9:03:00,kesitron+0187,Namzies+1928,NadtyLite+7330,BloodMuffin+4386,Woodland Alliance,Corvid Conspiracy,Eyrie Dynasties,Underground Duchy,Marquise de Cat,30,20,22,21,1.00,0.00,0.00,0.00,Winter,E&P,,Async,https://media.discordapp.net/attachments/1300509245053210716/1302557054946377728/root_wa_3.PNG?ex=67288c4a&is=67273aca&hm=fb06e99a3d3b5a456b5cbf6391a100a8232e756a812d0d91d1101f317bbdb333&=&format=webp&quality=lossless&width=1066&height=600
11/3/2024 12:47:00,TheWiseFox+8428,Bapgo+7254,Hoffenpepper+6941,Sophisticatedpingo+2936,Woodland Alliance,Underground Duchy,Vagabond (Adventurer),Vagabond (Ronin),Riverfolk Company,21,30,18,8,0.00,1.00,0.00,0.00,Mountain,E&P,,Async,https://discord.com/channels/476234833572397056/1298926482667737170
11/3/2024 13:14:00,Matt516+2460,deathprod+3566,Excitedteapot+2857,Wubba+9310,Marquise de Cat,Lizard Cult,Vagabond (Tinker),Underground Duchy,Vagabond (Ronin),28,20,23,30,0.00,0.00,0.00,1.00,Autumn,E&P,Random,Async,https://discord.com/channels/476234833572397056/1295894568184840246
11/3/2024 15:23:00,Namzies+1928,Benendetto+5646,lumpyprol+3206,TheWiseFox+8428,Corvid Conspiracy,Lizard Cult,Eyrie Dynasties,Underground Duchy,Marquise de Cat,30,11,17,2,1.00,0.00,0.00,0.00,Winter,E&P,,Async,https://discord.com/channels/476234833572397056/1301236088844849213
11/3/2024 15:42:00,Jacob+9078,TyCobb+4799,Breadstick+9988,radiantchaos+5523,Lizard Cult,Riverfolk Company,Vagabond (Ranger),Underground Duchy,Woodland Alliance,13,20,17,32,0.00,0.00,0.00,1.00,Winter,E&P,,Async,https://discord.com/channels/476234833572397056/1293776968998719551
11/3/2024 15:57:00,FakeSki+4232,TheWiseFox+8428,Ouki01+4037,Kumori+0599,Woodland Alliance,Corvid Conspiracy,Eyrie Dynasties,Vagabond (Thief),Underground Duchy,25,33,23,12,0.00,1.00,0.00,0.00,Winter,E&P,,Async,https://discord.com/channels/476234833572397056/1300790437203677215
11/3/2024 16:45:00,Kdos15+1623,ominouscat+4065,Plush2+8334,HuntingGirl37+3550,Lizard Cult,Marquise de Cat,Riverfolk Company,Vagabond (Ronin),Eyrie Dynasties,23,30,24,29,0.00,1.00,0.00,0.00,Winter,E&P,,Async,https://discord.com/channels/476234833572397056/1302649525835534387
11/3/2024 17:04:00,TercMa+9283,bwebby+1847,TheWiseFox+8428,BrorWolf25+7581,Marquise de Cat,Riverfolk Company,Woodland Alliance,Eyrie Dynasties,Lizard Cult,29,30,16,9,0.00,1.00,0.00,0.00,Autumn,E&P,,Async,https://discord.com/channels/476234833572397056/1300586910569336904
11/3/2024 18:30:00,Breadstick+9988,kurinzu+3999,TheWiseFox+8428,TyCobb+4799,Vagabond (Arbiter),Lizard Cult,Riverfolk Company,Eyrie Dynasties,Woodland Alliance,20,30,16,16,0.00,1.00,0.00,0.00,Lake,E&P,,Async,https://discord.com/channels/476234833572397056/1297228936391954432
11/3/2024 21:11:00,Lisapoo+5394,pookypossum+9865,Matt516+2460,HobGungan+2914,Marquise de Cat,Eyrie Dynasties,Vagabond (Arbiter),Lizard Cult,Vagabond (Vagrant),Fox Dom,6,31,15,0.00,0.00,1.00,0.00,Lake,E&P,Random,Async,https://discord.com/channels/476234833572397056/1299736832040374363
11/3/2024 21:49:00,KFull+1226,jayli+9450,kurinzu+3999,yauhen+8851,Underground Duchy,Riverfolk Company,Lizard Cult,Marquise de Cat,Corvid Conspiracy,32,21,27,9,1.00,0.00,0.00,0.00,Autumn,E&P,,Async,https://discord.com/channels/476234833572397056/1295478186972414086
11/3/2024 22:23:00,Bobby+2752,Cinderfella+4968,TercMa+9283,Holysheva+0413,Marquise de Cat,Vagabond (Ranger),Underground Duchy,Lizard Cult,Vagabond (Scoundrel),25,30,19,21,0.00,1.00,0.00,0.00,Mountain,E&P,Random,Async,https://discord.com/channels/476234833572397056/1296838753557676126/1302758847273897997
11/4/2024 2:46:00,SoulDataFMAB+1794,Deejaythink+9834,Jombo+6527,cringelordirl+3838,Vagabond (Ranger),Eyrie Dynasties,Underground Duchy,Riverfolk Company,Marquise de Cat,31,27,23,27,1.00,0.00,0.00,0.00,Mountain,E&P,,Async,https://cdn.discordapp.com/attachments/1297673082202230824/1302817747066949733/Screenshot_20241103_201157_Root.jpg?ex=67297f14&is=67282d94&hm=5a090c4e9399e37a41619e1aa23058ac005bc38d09cabc5c13b584c4846c2544&
11/4/2024 5:41:00,Aceosd+1686,Pyrocrab+5064,KumoSumo+5421,Yragael+5413,Vagabond (Arbiter),Eyrie Dynasties,Marquise de Cat,Riverfolk Company,Vagabond (Ronin),20,16,24,30,0.00,0.00,0.00,1.00,Mountain,E&P,,Async,https://discord.com/channels/476234833572397056/1296295804918693908
11/4/2024 10:39:00,Matt516+2460,TheWiseFox+8428,Ctfox+5431,Namzies+1928,Lizard Cult,Vagabond (Ronin),Riverfolk Company,Underground Duchy,Eyrie Dynasties,23,19,31,19,0.00,0.00,1.00,0.00,Winter,E&P,,Async,https://discord.com/channels/476234833572397056/1301534014477434925
11/4/2024 12:38:00,TheWiseFox+8428,Holysheva+0413,Nadav253+6419,Tyr11+4081,Vagabond (Thief),Vagabond (Tinker),Riverfolk Company,Marquise de Cat,,28,30,14,19,0.00,1.00,0.00,0.00,Lake,E&P,Random,Async,https://discord.com/channels/476234833572397056/1299386994773721180
11/4/2024 15:12:00,SluyGuy+5208,skellen+1863,TercMa+9283,Bapgo+7254,Lizard Cult,Woodland Alliance,Eyrie Dynasties,Vagabond (Tinker),Corvid Conspiracy,19,23,31,17,0.00,0.00,1.00,0.00,Winter,E&P,,Async,https://discord.com/channels/476234833572397056/539979741420322836/1303013287360860232
11/4/2024 19:59:00,Ctfox+5431,bwebby+1847,KFull+1226,BloodMuffin+4386,Vagabond (Ronin),Corvid Conspiracy,Riverfolk Company,Eyrie Dynasties,Marquise de Cat,10,17,20,30,0.00,0.00,0.00,1.00,Mountain,E&P,Random,Async,https://discord.com/channels/476234833572397056/1301643996317225073/1303085381952077975
11/4/2024 20:24:00,skellen+1863,Matoto+8242,TheWiseFox+8428,BoMa85+9812,Woodland Alliance,Vagabond (Vagrant),Corvid Conspiracy,Marquise de Cat,Lizard Cult,27,22,30,26,0.00,0.00,1.00,0.00,Lake,E&P,,Async,https://discord.com/channels/476234833572397056/1298567138197377055
11/4/2024 21:09:00,Born2Rule+0717,kurinzu+3999,Fearteiler+8050,Bobby+2752,Marquise de Cat,Riverfolk Company,Vagabond (Ronin),Underground Duchy,,20,17,31,26,0.00,0.00,1.00,0.00,Lake,E&P,,Async,https://discord.com/channels/476234833572397056/1293639335379206216
11/5/2024 3:59:00,ashfall+0120,BloodMuffin+4386,pooge+6189,Furry0329+6442,Marquise de Cat,Vagabond (Harrier),Corvid Conspiracy,Eyrie Dynasties,Woodland Alliance,15,21,23,31,0.00,0.00,0.00,1.00,Autumn,E&P,Random,Async,https://discord.com/channels/476234833572397056/1300620689157652510
11/5/2024 13:58:00,NadtyLite+7330,greenplastic90+3616,lumpyprol+3206,skellen+1863,Lizard Cult,Vagabond (Arbiter),Woodland Alliance,Eyrie Dynasties,Corvid Conspiracy,26,26,26,30,0.00,0.00,0.00,1.00,Winter,E&P,,Async,https://discord.com/channels/476234833572397056/1301182902893285376
11/5/2024 14:06:00,storybored+5864,Deejaythink+9834,ZachB+8726,TercMa+9283,Riverfolk Company,Eyrie Dynasties,Woodland Alliance,Underground Duchy,Marquise de Cat,17,29,32,18,0.00,0.00,1.00,0.00,Winter,E&P,,Async,https://discord.com/channels/476234833572397056/1302051219082182798/1303356294593249362
11/5/2024 16:08:00,BoMa85+9812,TheWiseFox+8428,skellen+1863,Namzies+1928,Underground Duchy,Riverfolk Company,Woodland Alliance,Eyrie Dynasties,Vagabond (Adventurer),14,13,25,30,0.00,0.00,0.00,1.00,Winter,E&P,,Async,https://discord.com/channels/476234833572397056/1299801329287430217
11/5/2024 18:00:00,cringelordirl+3838,Excitedteapot+2857,Umiya+8617,Wubba+9310,Marquise de Cat,Vagabond (Thief),Underground Duchy,Eyrie Dynasties,Vagabond (Ranger),27,22,31,22,0.00,0.00,1.00,0.00,Lake,E&P,,Async,https://discord.com/channels/476234833572397056/1295885946897567796/1295885946897567796
11/5/2024 20:07:00,Excitedteapot+2857,Namzies+1928,1coolguy+6294,TheWiseFox+8428,Underground Duchy,Lizard Cult,Eyrie Dynasties,Vagabond (Tinker),Vagabond (Arbiter),29,24,21,31,0.00,0.00,0.00,1.00,Autumn,E&P,,Async,https://discord.com/channels/476234833572397056/1295049586322440284
11/5/2024 22:03:00,SoulDataFMAB+1794,TheWiseFox+8428,1coolguy+6294,TercMa+9283,Marquise de Cat,Lizard Cult,Woodland Alliance,Eyrie Dynasties,Vagabond (Ronin),20,8,19,32,0.00,0.00,0.00,1.00,Lake,E&P,,Async,https://discord.com/channels/476234833572397056/539979741420322836/1303479005504344215
11/5/2024 23:51:00,BloodMuffin+4386,Hoffenpepper+6941,Fearteiler+8050,TheWiseFox+8428,Riverfolk Company,Marquise de Cat,Lizard Cult,Woodland Alliance,Vagabond (Vagrant),30,18,16,10,1.00,0.00,0.00,0.00,Lake,E&P,Random,Async,https://discord.com/channels/476234833572397056/1301660908484956172/1303505948647751820
11/6/2024 18:51:00,BloodMuffin+4386,HobGungan+2914,Myfirstdime+8673,KFull+1226,Underground Duchy,Corvid Conspiracy,Vagabond (Harrier),Eyrie Dynasties,Woodland Alliance,29,27,15,32,0.00,0.00,0.00,1.00,Mountain,E&P,,Async,https://discord.com/channels/476234833572397056/1299090431941939260
11/6/2024 20:19:00,Tyr11+4081,Youdge+8117,TheWiseFox+8428,CluelessRune+5235,Lizard Cult,Corvid Conspiracy,Underground Duchy,Woodland Alliance,Vagabond (Scoundrel),13,35,5,5,0.00,1.00,0.00,0.00,Autumn,E&P,Random,Async,https://discord.com/channels/476234833572397056/1303341227227484242
11/6/2024 21:05:00,MrPastrana+7951,bwebby+1847,1coolguy+6294,TheWiseFox+8428,Eyrie Dynasties,Riverfolk Company,Vagabond (Arbiter),Underground Duchy,Corvid Conspiracy,21,30,19,21,0.00,1.00,0.00,0.00,Mountain,E&P,,Async,https://discord.com/channels/476234833572397056/1299846803403046913
11/7/2024 3:33:00,cringelordirl+3838,Furry0329+6442,NadtyLite+7330,Asturk+8676,Corvid Conspiracy,Woodland Alliance,Underground Duchy,Vagabond (Tinker),Marquise de Cat,30,18,7,18,1.00,0.00,0.00,0.00,Autumn,E&P,Random,Async,https://discord.com/channels/476234833572397056/1302798623242719273/1303922075940945981
11/7/2024 3:48:00,Holysheva+0413,Proffian+5891,cringelordirl+3838,Emperia+9282,Vagabond (Vagrant),Woodland Alliance,Eyrie Dynasties,Underground Duchy,Corvid Conspiracy,19,26,31,20,0.00,0.00,1.00,0.00,Lake,E&P,Random,Async,https://discord.com/channels/476234833572397056/1299411978623914074/1303928276552646777
11/7/2024 4:26:00,FakeSki+4232,Matt516+2460,KFull+1226,TercMa+9283,Corvid Conspiracy,Underground Duchy,Marquise de Cat,Woodland Alliance,Lizard Cult,27,30,13,12,0.00,1.00,0.00,0.00,Autumn,E&P,Random,Async,https://discord.com/channels/476234833572397056/1301743550731386922
11/7/2024 10:51:00,Shartreusenightmare+4730,Hoffenpepper+6941,Gaelyn+3691,pookypossum+9865,Eyrie Dynasties,Corvid Conspiracy,Woodland Alliance,Vagabond (Harrier),Vagabond (Adventurer),22,30,15,14,0.00,1.00,0.00,0.00,Lake,Base,Random,Async,https://discord.com/channels/476234833572397056/1300858778786201633
11/7/2024 13:57:00,HobGungan+2914,NadtyLite+7330,TercMa+9283,Fearteiler+8050,Riverfolk Company,Vagabond (Tinker),Eyrie Dynasties,Underground Duchy,Corvid Conspiracy,4,24,30,23,0.00,0.00,1.00,0.00,Lake,E&P,,Async,https://discord.com/channels/476234833572397056/539979741420322836/1304081532511846422
11/7/2024 14:38:00,ZachB+8726,bwebby+1847,NadtyLite+7330,TheWiseFox+8428,Vagabond (Adventurer),Eyrie Dynasties,Underground Duchy,Vagabond (Tinker),Woodland Alliance,32,20,27,Coalition w/Underground Duchy,1.00,0.00,0.00,0.00,Winter,E&P,,Async,https://discord.com/channels/476234833572397056/1302669708150968451/1304081342820122634
11/7/2024 18:47:00,Holysheva+0413,Matt516+2460,Tyr11+4081,HobGungan+2914,Eyrie Dynasties,Underground Duchy,Vagabond (Ronin),Woodland Alliance,Marquise de Cat,30,19,13,7,1.00,0.00,0.00,0.00,Winter,E&P,,Async,https://discord.com/channels/476234833572397056/1303002179019341865
11/7/2024 20:45:00,TheWiseFox+8428,pooge+6189,Tyr11+4081,Pliskin+7357,Underground Duchy,Vagabond (Thief),Lizard Cult,Eyrie Dynasties,Marquise de Cat,14,28,25,30,0.00,0.00,0.00,1.00,Mountain,E&P,Random,Async,https://discord.com/channels/476234833572397056/1301476232017481751
11/7/2024 20:48:00,NadtyLite+7330,Tyr11+4081,TheWiseFox+8428,Pliskin+7357,Riverfolk Company,Eyrie Dynasties,Corvid Conspiracy,Vagabond (Ronin),Marquise de Cat,26,22,26,32,0.00,0.00,0.00,1.00,Autumn,E&P,Random,Async,https://discord.com/channels/476234833572397056/1303007550769205308
11/8/2024 4:14:00,WlGGLYBOl+0260,GDCytosine+9164,Myfirstdime+8673,lumpyprol+3206,Marquise de Cat,Vagabond (Thief),Riverfolk Company,Underground Duchy,Vagabond (Ranger),27,18,26,30,0.00,0.00,0.00,1.00,Lake,E&P,,Async,https://discord.com/channels/476234833572397056/1304276341796900936
11/8/2024 7:01:00,Keirdre+1636,pooge+6189,MrRiceGuy+5849,Matoto+8242,Eyrie Dynasties,Lizard Cult,Riverfolk Company,Woodland Alliance,Vagabond (Ranger),33,28,25,21,1.00,0.00,0.00,0.00,Autumn,E&P,,Async,https://discordapp.com/channels/476234833572397056/1300740293586583585
11/8/2024 8:00:00,jayli+9450,WlGGLYBOl+0260,NadtyLite+7330,BrutusK+0177,Underground Duchy,Marquise de Cat,Vagabond (Adventurer),Eyrie Dynasties,Lizard Cult,30,Bunny Dom,12,2,1.00,0.00,0.00,0.00,Mountain,E&P,Random,Async,https://discord.com/channels/476234833572397056/1301015649757298709
11/8/2024 12:54:00,Vsquirrel+9158,Aceosd+1686,TheWiseFox+8428,Myfirstdime+8673,Eyrie Dynasties,Riverfolk Company,Vagabond (Tinker),Marquise de Cat,Lizard Cult,33,26,25,17,1.00,0.00,0.00,0.00,Winter,E&P,,Async,https://discord.com/channels/476234833572397056/1302703122451402773
11/8/2024 13:31:00,WlGGLYBOl+0260,NadtyLite+7330,TheWiseFox+8428,CluelessRune+5235,Vagabond (Thief),Riverfolk Company,Underground Duchy,Marquise de Cat,,18,30,20,26,0.00,1.00,0.00,0.00,Mountain,E&P,Random,Async,https://discord.com/channels/476234833572397056/1303409154488012871
11/8/2024 17:02:00,jayli+9450,SoulDataFMAB+1794,greenplastic90+3616,kurinzu+3999,Vagabond (Harrier),Marquise de Cat,Lizard Cult,Eyrie Dynasties,Underground Duchy,30,26,27,15,1.00,0.00,0.00,0.00,Mountain,E&P,Random,Async,https://discord.com/channels/476234833572397056/1293095874423164992
11/8/2024 18:17:00,Tad604+8004,HobGungan+2914,TheWiseFox+8428,NadtyLite+7330,Woodland Alliance,Lizard Cult,Underground Duchy,Eyrie Dynasties,Marquise de Cat,32,20,18,19,1.00,0.00,0.00,0.00,Autumn,E&P,Random,Async,https://discord.com/channels/476234833572397056/1304172153389973505/1304509254778093591
11/8/2024 18:45:00,TheWiseFox+8428,Pyrocrab+5064,TercMa+9283,jayli+9450,Marquise de Cat,Woodland Alliance,Underground Duchy,Vagabond (Thief),Riverfolk Company,18,23,30,23,0.00,0.00,1.00,0.00,Lake,E&P,,Async,https://discord.com/channels/476234833572397056/539979741420322836/1304516136477397122
11/8/2024 18:57:00,TheWiseFox+8428,Aceosd+1686,HobGungan+2914,Matt516+2460,Corvid Conspiracy,Woodland Alliance,Lizard Cult,Underground Duchy,Vagabond (Thief),23,12,30,19,0.00,0.00,1.00,0.00,Autumn,Base,Random,Async,https://discord.com/channels/476234833572397056/1303382659938127993
11/8/2024 20:33:00,Hoffenpepper+6941,PlagueCarrier+5718,TheWiseFox+8428,Youdge+8117,Marquise de Cat,Eyrie Dynasties,Riverfolk Company,Vagabond (Tinker),Lizard Cult,30,18,28,20,1.00,0.00,0.00,0.00,Mountain,E&P,Random,Async,https://discord.com/channels/476234833572397056/1302983783695384589
11/8/2024 20:36:00,PlagueCarrier+5718,Unkannie+6295,HobGungan+2914,TercMa+9283,Woodland Alliance,Underground Duchy,Vagabond (Thief),Eyrie Dynasties,Marquise de Cat,32,29,21,14,1.00,0.00,0.00,0.00,Autumn,E&P,,Async,https://discord.com/channels/476234833572397056/1302760335102443620
11/8/2024 20:58:00,skellen+1863,Holysheva+0413,HuntingGirl37+3550,TheWiseFox+8428,Riverfolk Company,Eyrie Dynasties,Vagabond (Vagrant),Underground Duchy,Lizard Cult,13,30,12,13,0.00,1.00,0.00,0.00,Autumn,E&P,Random,Async,https://discord.com/channels/476234833572397056/1302991682366865430
11/8/2024 21:06:00,radiantchaos+5523,Unkannie+6295,TercMa+9283,PlagueCarrier+5718,Vagabond (Scoundrel),Woodland Alliance,Marquise de Cat,Eyrie Dynasties,Lizard Cult,Coalition w/Woodland Alliance,31,Bunny Dom,16,0.50,0.50,0.00,0.00,Mountain,E&P,,Async,https://discord.com/channels/476234833572397056/539979741420322836/1304550826462810244
11/8/2024 23:39:00,TheWiseFox+8428,NadtyLite+7330,snapfish295+8182,Deejaythink+9834,Lizard Cult,Eyrie Dynasties,Woodland Alliance,Underground Duchy,Marquise de Cat,19,16,21,30,0.00,0.00,0.00,1.00,Lake,E&P,,Async,https://discord.com/channels/476234833572397056/1303452363939643442
11/9/2024 3:34:00,Milkwet+6135,Umiya+8617,Plush2+8334,Amazing moondog+4878,Underground Duchy,Riverfolk Company,Woodland Alliance,Vagabond (Vagrant),Corvid Conspiracy,22,20,30,17,0.00,0.00,1.00,0.00,Lake,E&P,,Async,https://discord.com/channels/476234833572397056/1304633496136056892
11/9/2024 9:23:00,greenplastic90+3616,Matoto+8242,ActiveAxon+8546,AlbertD95+6059,Woodland Alliance,Marquise de Cat,Underground Duchy,Lizard Cult,Vagabond (Ronin),31,20,17,17,1.00,0.00,0.00,0.00,Lake,E&P,Random,Async,https://discord.com/channels/476234833572397056/1303066276318416917
11/9/2024 13:26:00,TheWiseFox+8428,TercMa+9283,Pyrocrab+5064,skellen+1863,Riverfolk Company,Eyrie Dynasties,Corvid Conspiracy,Underground Duchy,Marquise de Cat,23,30,15,22,0.00,1.00,0.00,0.00,Mountain,E&P,,Async,https://discord.com/channels/476234833572397056/539979741420322836/1304798209310199908
11/9/2024 18:23:00,TercMa+9283,ZachB+8726,Aeliott+7118,Myfirstdime+8673,Lizard Cult,Eyrie Dynasties,Underground Duchy,Vagabond (Vagrant),Riverfolk Company,30,17,23,27,1.00,0.00,0.00,0.00,Lake,E&P,,Async,https://discord.com/channels/476234833572397056/539979741420322836/1304873509385666650
11/9/2024 22:12:00,ashfall+0120,TercMa+9283,Namzies+1928,BrorWolf25+7581,Marquise de Cat,Vagabond (Adventurer),Corvid Conspiracy,Underground Duchy,Woodland Alliance,26,33,18,29,0.00,1.00,0.00,0.00,Winter,E&P,,Async,https://discord.com/channels/476234833572397056/539979741420322836/1304931634088247326
11/9/2024 23:13:00,ashfall+0120,KFull+1226,NadtyLite+7330,Bobby+2752,Marquise de Cat,Vagabond (Tinker),Riverfolk Company,Underground Duchy,,16,21,30,26,0.00,0.00,1.00,0.00,Lake,E&P,Random,Async,https://discord.com/channels/476234833572397056/1298757048439406663
11/9/2024 23:31:00,benruff+0449,HobGungan+2914,1coolguy+6294,AlbertD95+6059,Eyrie Dynasties,Corvid Conspiracy,Lizard Cult,Underground Duchy,Marquise de Cat,30,16,29,14,1.00,0.00,0.00,0.00,Autumn,E&P,,Async,https://discord.com/channels/476234833572397056/1299103120760246273
11/10/2024 4:57:00,RedSamurai+6981,tjudge+8299,Milkwet+6135,Killerstorm17+3440,Vagabond (Arbiter),Lizard Cult,Woodland Alliance,Eyrie Dynasties,Marquise de Cat,24,24,14,31,0.00,0.00,0.00,1.00,Winter,E&P,,Async,https://discord.com/channels/476234833572397056/1305008512845217815
11/10/2024 13:59:00,TheWiseFox+8428,ActiveAxon+8546,Aeliott+7118,HobGungan+2914,Corvid Conspiracy,Vagabond (Harrier),Marquise de Cat,Eyrie Dynasties,Woodland Alliance,21,35,7,13,0.00,1.00,0.00,0.00,Mountain,E&P,Random,Async,https://discord.com/channels/476234833572397056/1304805369985372322
11/10/2024 19:41:00,TercMa+9283,BloodMuffin+4386,cringelordirl+3838,KFull+1226,Vagabond (Ronin),Vagabond (Harrier),Marquise de Cat,Eyrie Dynasties,Woodland Alliance,23,26,26,32,0.00,0.00,0.00,1.00,Mountain,E&P,,Async,https://discord.com/channels/476234833572397056/1301654095177973760
11/11/2024 2:18:00,BrutusK+0177,Matt516+2460,snapfish295+8182,SluyGuy+5208,Riverfolk Company,Woodland Alliance,Eyrie Dynasties,Vagabond (Arbiter),Vagabond (Scoundrel),9,33,23,25,0.00,1.00,0.00,0.00,Autumn,E&P,Random,Async,https://discord.com/channels/476234833572397056/1303182489074008125
11/11/2024 2:59:00,Umiya+8617,tunnndz+4270,Myfirstdime+8673,FakeSki+4232,Corvid Conspiracy,Vagabond (Tinker),Marquise de Cat,Riverfolk Company,Underground Duchy,30,20,23,14,1.00,0.00,0.00,0.00,Autumn,Base,,Live,https://discord.com/channels/476234833572397056/1305345560043327500
11/11/2024 6:21:00,SoulDataFMAB+1794,Deejaythink+9834,HobGungan+2914,GDCytosine+9164,Underground Duchy,Eyrie Dynasties,Corvid Conspiracy,Lizard Cult,Vagabond (Vagrant),30,20,28,27,1.00,0.00,0.00,0.00,Lake,E&P,,Async,https://media.discordapp.net/attachments/1301564444492697691/1305415624305934386/20241111001352_1.jpg?ex=6732f28a&is=6731a10a&hm=bc1ee001940a93ff95c3ffd88aec15b1635e99cf2c91f72c9f0cfc8feb7d1e2a&=&format=webp&width=1177&height=662
11/11/2024 6:28:00,TheWiseFox+8428,BloodMuffin+4386,miklun+9934,Wubba+9310,Corvid Conspiracy,Woodland Alliance,Underground Duchy,Vagabond (Arbiter),Marquise de Cat,28,32,Bird Dom,21,0.00,1.00,0.00,0.00,Mountain,E&P,Random,Async,https://discord.com/channels/476234833572397056/1301651446936109129/1305418036911542283
11/11/2024 7:49:00,TheWiseFox+8428,AlexP+2435,Matoto+8242,Tyr11+4081,Underground Duchy,Woodland Alliance,Marquise de Cat,Eyrie Dynasties,Vagabond (Scoundrel),25,30,28,22,0.00,1.00,0.00,0.00,Mountain,E&P,Random,Async,https://discord.com/channels/476234833572397056/1302912200490618903
11/11/2024 11:40:00,Pliskin+7357,skellen+1863,Matt516+2460,Bapgo+7254,Riverfolk Company,Lizard Cult,Woodland Alliance,Eyrie Dynasties,Marquise de Cat,16,26,19,30,0.00,0.00,0.00,1.00,Mountain,E&P,,Async,https://discord.com/channels/476234833572397056/1303760829476245584
11/11/2024 12:21:00,proffeserian+3172,Unkannie+6295,GodMaster+1722,TercMa+9283,Vagabond (Scoundrel),Riverfolk Company,Corvid Conspiracy,Marquise de Cat,Vagabond (Vagrant),22,30,15,24,0.00,1.00,0.00,0.00,Mountain,E&P,,Async,https://discord.com/channels/476234833572397056/539979741420322836/1305503976447545375
11/11/2024 15:04:00,BrorWolf25+7581,HobGungan+2914,SoulDataFMAB+1794,AlbertD95+6059,Eyrie Dynasties,Lizard Cult,Woodland Alliance,Vagabond (Vagrant),Underground Duchy,31,17,16,15,1.00,0.00,0.00,0.00,Winter,Base,,Async,https://discord.com/channels/476234833572397056/1300519330253115424
11/11/2024 17:06:00,WlGGLYBOl+0260,kesitron+0187,bwebby+1847,Asturk+8676,Vagabond (Harrier),Marquise de Cat,Underground Duchy,Woodland Alliance,Riverfolk Company,24,30,18,17,0.00,1.00,0.00,0.00,Autumn,E&P,,Async,https://discord.com/channels/476234833572397056/1302696234347135036/1305578338693287938
11/11/2024 17:18:00,1coolguy+6294,TheWiseFox+8428,sideffects+0863,WalkGrin+3512,Lizard Cult,Vagabond (Adventurer),Eyrie Dynasties,Woodland Alliance,Marquise de Cat,20,13,30,9,0.00,0.00,1.00,0.00,Lake,E&P,,Async,https://discord.com/channels/476234833572397056/1299839270395318344
11/11/2024 17:38:00,Tad604+8004,ZachB+8726,Matt516+2460,Aeliott+7118,Woodland Alliance,Corvid Conspiracy,Underground Duchy,Vagabond (Adventurer),Marquise de Cat,26,20,30,25,0.00,0.00,1.00,0.00,Autumn,E&P,Random,Async,https://discord.com/channels/476234833572397056/1304883409109258262
11/11/2024 18:15:00,Holysheva+0413,TheWiseFox+8428,Matoto+8242,Excitedteapot+2857,Underground Duchy,Vagabond (Ranger),Corvid Conspiracy,Woodland Alliance,Lizard Cult,30,6,5,19,1.00,0.00,0.00,0.00,Lake,E&P,Random,Async,https://discord.com/channels/476234833572397056/1300478716496838669
11/11/2024 18:59:00,skellen+1863,Matt516+2460,bwebby+1847,NadtyLite+7330,Riverfolk Company,Woodland Alliance,Vagabond (Tinker),Underground Duchy,Vagabond (Thief),14,20,24,31,0.00,0.00,0.00,1.00,Autumn,E&P,Random,Async,https://discord.com/channels/476234833572397056/1302997168960962620
11/11/2024 19:14:00,Fearteiler+8050,bulseeye+6881,miklun+9934,Umiya+8617,Vagabond (Ronin),Woodland Alliance,Underground Duchy,Marquise de Cat,Vagabond (Scoundrel),26,18,11,30,0.00,0.00,0.00,1.00,Mountain,E&P,,Live,1305597797940203562
11/11/2024 19:45:00,TheWiseFox+8428,jayli+9450,kurinzu+3999,AlbertD95+6059,Marquise de Cat,Eyrie Dynasties,Corvid Conspiracy,Underground Duchy,Riverfolk Company,19,31,15,22,0.00,1.00,0.00,0.00,Winter,E&P,,Async,https://discord.com/channels/476234833572397056/1302601746052550727
11/11/2024 20:10:00,Deejaythink+9834,MrRiceGuy+5849,phannyak+8285,jayli+9450,Lizard Cult,Underground Duchy,Marquise de Cat,Vagabond (Tinker),Riverfolk Company,21,19,26,30,0.00,0.00,0.00,1.00,Winter,E&P,,Async,https://discord.com/channels/476234833572397056/1301567506737266781
11/11/2024 20:42:00,Fearteiler+8050,Ctfox+5431,HobGungan+2914,KFull+1226,Woodland Alliance,Eyrie Dynasties,Riverfolk Company,Underground Duchy,Marquise de Cat,23,27,19,31,0.00,0.00,0.00,1.00,Autumn,E&P,,Async,https://discord.com/channels/476234833572397056/1301940448713117738
11/11/2024 21:26:00,Jacob+9078,cringelordirl+3838,Aceosd+1686,jayli+9450,Woodland Alliance,Riverfolk Company,Marquise de Cat,Underground Duchy,Vagabond (Ranger),15,25,27,30,0.00,0.00,0.00,1.00,Winter,E&P,,Async,https://discord.com/channels/476234833572397056/1293814291363008513
11/11/2024 23:09:00,Aceosd+1686,jayli+9450,Matoto+8242,kurinzu+3999,Marquise de Cat,Underground Duchy,Eyrie Dynasties,Woodland Alliance,Vagabond (Ronin),20,30,19,16,0.00,1.00,0.00,0.00,Mountain,E&P,Random,Async,https://discord.com/channels/476234833572397056/1302600172995350548
11/12/2024 0:05:00,Holysheva+0413,TheWiseFox+8428,Youdge+8117,Lisapoo+5394,Eyrie Dynasties,Underground Duchy,Corvid Conspiracy,Woodland Alliance,Lizard Cult,30,19,21,18,1.00,0.00,0.00,0.00,Winter,E&P,,Async,https://discord.com/channels/476234833572397056/1302979601688952872
11/12/2024 2:20:00,phannyak+8285,Bitto+0476,IndifferentFish+2547,Holysheva+0413,Vagabond (Ronin),Vagabond (Scoundrel),Marquise de Cat,Corvid Conspiracy,Lizard Cult,24,Coalition w/Vagabond (Ronin),32,25,0.00,0.00,1.00,0.00,Lake,E&P,Random,Async,https://discord.com/channels/476234833572397056/1300639190370881548/1305714723286945815
11/12/2024 4:18:00,BrorWolf25+7581,TercMa+9283,bwebby+1847,Unkannie+6295,Vagabond (Ranger),Corvid Conspiracy,Marquise de Cat,Lizard Cult,Underground Duchy,28,14,31,23,0.00,0.00,1.00,0.00,Autumn,E&P,,Async,https://discord.com/channels/476234833572397056/1300584813497155716
11/12/2024 13:55:00,lumpyprol+3206,TheWiseFox+8428,GDCytosine+9164,1coolguy+6294,Marquise de Cat,Riverfolk Company,Eyrie Dynasties,Vagabond (Ronin),Woodland Alliance,30,13,18,23,1.00,0.00,0.00,0.00,Lake,E&P,,Async,https://discord.com/channels/476234833572397056/1301234207166697533
11/12/2024 15:34:00,SluyGuy+5208,AlbertD95+6059,cringelordirl+3838,HobGungan+2914,Riverfolk Company,Vagabond (Ranger),Underground Duchy,Lizard Cult,Corvid Conspiracy,31,26,29,21,1.00,0.00,0.00,0.00,Mountain,E&P,,Async,
11/12/2024 15:40:00,TheWiseFox+8428,Tad604+8004,NadtyLite+7330,TercMa+9283,Vagabond (Ranger),Eyrie Dynasties,Riverfolk Company,Underground Duchy,Marquise de Cat,16,30,28,20,0.00,1.00,0.00,0.00,Winter,E&P,,Async,https://discord.com/channels/476234833572397056/1304844874033397830/1305919029642395721
11/12/2024 17:27:00,Lisapoo+5394,Shartreusenightmare+4730,HobGungan+2914,AlexP+2435,Corvid Conspiracy,Underground Duchy,Woodland Alliance,Vagabond (Ranger),Marquise de Cat,16,18,30,17,0.00,0.00,1.00,0.00,Autumn,E&P,,Async,https://discord.com/channels/476234833572397056/1304221008512684096
11/12/2024 22:31:00,Tad604+8004,Pyrocrab+5064,NadtyLite+7330,TyCobb+4799,Vagabond (Arbiter),Riverfolk Company,Corvid Conspiracy,Marquise de Cat,Woodland Alliance,30,15,25,14,1.00,0.00,0.00,0.00,Mountain,E&P,Random,Async,https://discord.com/channels/476234833572397056/1304848958090252348/1306021393418158233
11/12/2024 22:41:00,punkstarman+6645,KFull+1226,TercMa+9283,AlexP+2435,Lizard Cult,Vagabond (Ranger),Riverfolk Company,Underground Duchy,Marquise de Cat,20,22,30,15,0.00,0.00,1.00,0.00,Mountain,E&P,,Async,https://discord.com/channels/476234833572397056/539979741420322836/1306025412236804157
11/12/2024 23:40:00,deathprod+3566,Kumori+0599,MaxMin+2105,bwebby+1847,Corvid Conspiracy,Woodland Alliance,Riverfolk Company,Eyrie Dynasties,Marquise de Cat,24,27,16,30,0.00,0.00,0.00,1.00,Winter,E&P,,Async,https://discord.com/channels/476234833572397056/1295407958439493715
11/13/2024 4:33:00,NadtyLite+7330,Milkwet+6135,cringelordirl+3838,ZachB+8726,Lizard Cult,Underground Duchy,Riverfolk Company,Eyrie Dynasties,Corvid Conspiracy,27,Bird Dom,30,28,0.00,0.00,1.00,0.00,Lake,E&P,Random,Async,https://discord.com/channels/476234833572397056/1304283587532558371/1306113280669909083
11/13/2024 4:50:00,Umiya+8617,Amazing moondog+4878,ashfall+0120,Pyrocrab+5064,Riverfolk Company,Marquise de Cat,Vagabond (Vagrant),Corvid Conspiracy,Underground Duchy,30,16,22,18,1.00,0.00,0.00,0.00,Autumn,E&P,,Live,https://discord.com/channels/476234833572397056/1306097710511685652
11/13/2024 5:33:00,ashfall+0120,Umiya+8617,pooge+6189,lumpyprol+3206,Woodland Alliance,Vagabond (Ronin),Marquise de Cat,Riverfolk Company,Lizard Cult,24,30,28,20,0.00,1.00,0.00,0.00,Mountain,E&P,,Async,https://discord.com/channels/476234833572397056/1303240900557672489
11/13/2024 7:05:00,TheWiseFox+8428,cringelordirl+3838,BloodMuffin+4386,Fearteiler+8050,Corvid Conspiracy,Eyrie Dynasties,Woodland Alliance,Underground Duchy,Vagabond (Scoundrel),26,21,33,17,0.00,0.00,1.00,0.00,Mountain,E&P,Random,Async,https://discord.com/channels/476234833572397056/1304131367034163272/1306151951494287420
11/13/2024 13:17:00,SoulDataFMAB+1794,TheWiseFox+8428,Fearteiler+8050,Pyrocrab+5064,Vagabond (Harrier),Eyrie Dynasties,Woodland Alliance,Riverfolk Company,Marquise de Cat,Coalition w/Woodland Alliance,25,30,19,0.50,0.00,0.50,0.00,Autumn,E&P,,Async,https://discord.com/channels/476234833572397056/1304134677849837589
11/13/2024 13:35:00,PlagueCarrier+5718,pookypossum+9865,TheWiseFox+8428,jayli+9450,Marquise de Cat,Lizard Cult,Corvid Conspiracy,Eyrie Dynasties,Woodland Alliance,12,15,21,30,0.00,0.00,0.00,1.00,Lake,E&P,Random,Async,https://discord.com/channels/476234833572397056/1304153524611055737
11/13/2024 14:26:00,WlGGLYBOl+0260,lumpyprol+3206,greenplastic90+3616,ZachB+8726,Vagabond (Ranger),Marquise de Cat,Woodland Alliance,Underground Duchy,Riverfolk Company,24,30,22,22,0.00,1.00,0.00,0.00,Lake,E&P,,Async,https://discord.com/channels/476234833572397056/1304311999420829790
11/13/2024 14:52:00,TercMa+9283,lumpyprol+3206,Myfirstdime+8673,Asturk+8676,Lizard Cult,Underground Duchy,Riverfolk Company,Marquise de Cat,Woodland Alliance,26,30,25,23,0.00,1.00,0.00,0.00,Lake,E&P,,Async,https://discord.com/channels/476234833572397056/1303929106617991248
11/13/2024 18:55:00,BloodMuffin+4386,WlGGLYBOl+0260,Myfirstdime+8673,SoulDataFMAB+1794,Underground Duchy,Woodland Alliance,Vagabond (Tinker),Eyrie Dynasties,Lizard Cult,30,12,14,9,1.00,0.00,0.00,0.00,Lake,E&P,Random,Async,https://discord.com/channels/476234833572397056/1302502570438430812/1306330789629132810
11/13/2024 20:30:00,Ctfox+5431,Holysheva+0413,TheWiseFox+8428,Nadav253+6419,Eyrie Dynasties,Riverfolk Company,Underground Duchy,Vagabond (Vagrant),Marquise de Cat,26,26,30,Coalition w/Underground Duchy,0.00,0.00,0.50,0.50,Mountain,E&P,,Async,https://discord.com/channels/476234833572397056/1303048994519515146
11/13/2024 22:31:00,TheWiseFox+8428,Hoffenpepper+6941,bwebby+1847,TercMa+9283,Riverfolk Company,Corvid Conspiracy,Eyrie Dynasties,Vagabond (Tinker),Marquise de Cat,20,30,20,19,0.00,1.00,0.00,0.00,Winter,E&P,,Async,https://discord.com/channels/476234833572397056/1304544990294315102
11/13/2024 23:29:00,NadtyLite+7330,benruff+0449,lumpyprol+3206,pooge+6189,Eyrie Dynasties,Lizard Cult,Underground Duchy,Vagabond (Thief),Woodland Alliance,30,23,26,27,1.00,0.00,0.00,0.00,Mountain,E&P,Random,Async,https://discord.com/channels/476234833572397056/1303927472294858802
11/14/2024 2:23:00,Furry0329+6442,Sophisticatedpingo+2936,TheWiseFox+8428,Aeliott+7118,Vagabond (Adventurer),Riverfolk Company,Underground Duchy,Lizard Cult,Woodland Alliance,30,10,11,20,1.00,0.00,0.00,0.00,Autumn,E&P,Random,Async,https://discord.com/channels/476234833572397056/1300089527926394911
11/14/2024 3:24:00,PlagueCarrier+5718,Matt516+2460,VanKaiserman+5269,ZachB+8726,Marquise de Cat,Lizard Cult,Eyrie Dynasties,Vagabond (Adventurer),Vagabond (Thief),21,24,20,30,0.00,0.00,0.00,1.00,Lake,E&P,Random,Async,https://discord.com/channels/476234833572397056/1303024636430123091/1306458689519095858
11/14/2024 3:41:00,Umiya+8617,snapfish295+8182,devinblox+9150,Amazing moondog+4878,Woodland Alliance,Vagabond (Vagrant),Eyrie Dynasties,Lizard Cult,Corvid Conspiracy,20,3,30,19,0.00,0.00,1.00,0.00,Lake,Base,Random,Live,https://discord.com/channels/476234833572397056/1306443674665881703
11/14/2024 3:53:00,NadtyLite+7330,PlagueCarrier+5718,Fearteiler+8050,FakeSki+4232,Marquise de Cat,Woodland Alliance,Vagabond (Adventurer),Riverfolk Company,Corvid Conspiracy,30,13,24,16,1.00,0.00,0.00,0.00,Lake,E&P,Random,Async,https://discord.com/channels/476234833572397056/1304516292317024277
11/14/2024 4:32:00,OrcaJoe+2556,lumpyprol+3206,MrRiceGuy+5849,cringelordirl+3838,Marquise de Cat,Eyrie Dynasties,Lizard Cult,Riverfolk Company,Vagabond (Ronin),22,30,12,20,0.00,1.00,0.00,0.00,Winter,E&P,,Async,https://discord.com/channels/476234833572397056/1301407419070550066
11/14/2024 7:34:00,ZachB+8726,BloodMuffin+4386,SoulDataFMAB+1794,catman+8458,Corvid Conspiracy,Underground Duchy,Eyrie Dynasties,Woodland Alliance,Marquise de Cat,29,17,30,17,0.00,0.00,1.00,0.00,Lake,E&P,,Async,https://media.discordapp.net/attachments/1303937290489561120/1306474356192317440/Screenshot_20241113_222200_Root.jpg?ex=6736cc8f&is=67357b0f&hm=a9d2781e5ba321c1cfa1dcec8def7cbd7f20b762f5cc8875c06290cfbbf1c8fb&=&format=webp&width=1435&height=662
11/14/2024 8:38:00,TheWiseFox+8428,Unkannie+6295,TercMa+9283,Rooter+6824,Underground Duchy,Corvid Conspiracy,Eyrie Dynasties,Riverfolk Company,Vagabond (Thief),21,14,15,31,0.00,0.00,0.00,1.00,Autumn,E&P,,Async,https://discord.com/channels/476234833572397056/1304542841485262908
11/14/2024 14:02:00,Tyr11+4081,Furry0329+6442,ominouscat+4065,NadtyLite+7330,Vagabond (Scoundrel),Marquise de Cat,Riverfolk Company,Eyrie Dynasties,Lizard Cult,24,30,15,20,0.00,1.00,0.00,0.00,Mountain,E&P,Random,Async,https://discord.com/channels/476234833572397056/1304115721017753631
11/14/2024 14:35:00,ominouscat+4065,NadtyLite+7330,Kumori+0599,MrRiceGuy+5849,Vagabond (Ranger),Lizard Cult,Underground Duchy,Vagabond (Ronin),Riverfolk Company,17,22,31,15,0.00,0.00,1.00,0.00,Lake,E&P,Random,Async,https://discord.com/channels/476234833572397056/1304290462970019860
11/14/2024 17:17:00,dindane+0250,cringelordirl+3838,1coolguy+6294,SoulDataFMAB+1794,Woodland Alliance,Corvid Conspiracy,Eyrie Dynasties,Underground Duchy,Marquise de Cat,15,30,15,5,0.00,1.00,0.00,0.00,Autumn,E&P,Random,Async,https://discord.com/channels/476234833572397056/1303544149135593504/1306668319612604458
11/14/2024 17:41:00,Myfirstdime+8673,Moenshine+7073,TheWiseFox+8428,Matt516+2460,Marquise de Cat,Vagabond (Vagrant),Lizard Cult,Underground Duchy,Riverfolk Company,26,15,23,30,0.00,0.00,0.00,1.00,Lake,E&P,Random,Async,https://discord.com/channels/476234833572397056/1304874236963192922
11/14/2024 17:49:00,RoanShire+6180,Matt516+2460,kurinzu+3999,Bapgo+7254,Marquise de Cat,Vagabond (Harrier),Lizard Cult,Underground Duchy,Woodland Alliance,14,30,21,25,0.00,1.00,0.00,0.00,Winter,E&P,,Async,https://discord.com/channels/476234833572397056/1305580400885895269
11/14/2024 19:33:00,pookypossum+9865,Ctfox+5431,snootomode+8328,SluyGuy+5208,Marquise de Cat,Vagabond (Tinker),Eyrie Dynasties,Woodland Alliance,Corvid Conspiracy,19,30,21,21,0.00,1.00,0.00,0.00,Winter,E&P,,Async,https://discord.com/channels/476234833572397056/1306268992003903569
11/14/2024 19:42:00,Aeliott+7118,FakeSki+4232,KFull+1226,Furry0329+6442,Corvid Conspiracy,Lizard Cult,Vagabond (Ranger),Eyrie Dynasties,Woodland Alliance,29,Bird Dom,31,26,0.00,0.00,1.00,0.00,Mountain,E&P,,Async,https://discord.com/channels/476234833572397056/1302305874907369515
11/15/2024 1:52:00,benruff+0449,TercMa+9283,proffeserian+3172,Youdge+8117,Vagabond (Thief),Underground Duchy,Woodland Alliance,Corvid Conspiracy,Riverfolk Company,21,32,24,19,0.00,1.00,0.00,0.00,Winter,E&P,,Async,https://discord.com/channels/476234833572397056/539979741420322836/1306797681091416166
11/15/2024 3:28:00,Holysheva+0413,phannyak+8285,lumpyprol+3206,Excitedteapot+2857,Corvid Conspiracy,Underground Duchy,Woodland Alliance,Riverfolk Company,Eyrie Dynasties,30,16,11,14,1.00,0.00,0.00,0.00,Mountain,E&P,Random,Async,https://discord.com/channels/476234833572397056/1300499440976527470
11/15/2024 12:41:00,BoMa85+9812,skellen+1863,TheWiseFox+8428,Fearteiler+8050,Vagabond (Thief),Corvid Conspiracy,Vagabond (Tinker),Eyrie Dynasties,Underground Duchy,24,33,Coalition w/Vagabond (Thief),28,0.00,1.00,0.00,0.00,Lake,E&P,,Async,https://discord.com/channels/476234833572397056/1304055332779196488
11/15/2024 13:56:00,JrTheLich+6525,TheWiseFox+8428,Hoffenpepper+6941,Aeliott+7118,Lizard Cult,Woodland Alliance,Corvid Conspiracy,Eyrie Dynasties,Riverfolk Company,13,9,15,30,0.00,0.00,0.00,1.00,Mountain,E&P,,Async,https://discord.com/channels/476234833572397056/1306571353863884890
11/15/2024 16:03:00,IndifferentFish+2547,NadtyLite+7330,Fearteiler+8050,AlbertD95+6059,Riverfolk Company,Corvid Conspiracy,Vagabond (Adventurer),Underground Duchy,Vagabond (Vagrant),18,23,30,13,0.00,0.00,1.00,0.00,Autumn,E&P,,Async,https://discord.com/channels/476234833572397056/1303046612485935115
11/15/2024 17:34:00,Youdge+8117,Vsquirrel+9158,BloodMuffin+4386,TheWiseFox+8428,Vagabond (Thief),Woodland Alliance,Riverfolk Company,Underground Duchy,Marquise de Cat,22,31,27,23,0.00,1.00,0.00,0.00,Lake,E&P,Random,Async,https://discord.com/channels/476234833572397056/1304523393000931401
11/15/2024 17:34:00,Ctfox+5431,TercMa+9283,BloodMuffin+4386,TheWiseFox+8428,Corvid Conspiracy,Marquise de Cat,Vagabond (Ranger),Underground Duchy,Lizard Cult,30,Bird Dom,24,13,1.00,0.00,0.00,0.00,Lake,E&P,,Async,https://discord.com/channels/476234833572397056/1303092710814646313
11/15/2024 18:08:00,PlagueCarrier+5718,AlbertD95+6059,Unkannie+6295,TercMa+9283,Woodland Alliance,Lizard Cult,Eyrie Dynasties,Underground Duchy,Marquise de Cat,33,24,23,19,1.00,0.00,0.00,0.00,Lake,E&P,,Async,https://discord.com/channels/476234833572397056/1304543629762629642
11/15/2024 20:09:00,radiantchaos+5523,Matt516+2460,Wubba+9310,Myfirstdime+8673,Eyrie Dynasties,Woodland Alliance,Underground Duchy,Riverfolk Company,Marquise de Cat,30,13,17,12,1.00,0.00,0.00,0.00,Autumn,E&P,Random,Async,https://discord.com/channels/476234833572397056/1302756347418247220
11/15/2024 21:50:00,Pyrocrab+5064,FakeSki+4232,HobGungan+2914,Ctfox+5431,Marquise de Cat,Underground Duchy,Lizard Cult,Riverfolk Company,Vagabond (Arbiter),10,28,27,30,0.00,0.00,0.00,1.00,Winter,E&P,,Async,https://discord.com/channels/476234833572397056/1306094044182614056
11/16/2024 3:54:00,Amazing moondog+4878,ashfall+0120,MrRiceGuy+5849,snootomode+8328,Lizard Cult,Marquise de Cat,Underground Duchy,Woodland Alliance,Corvid Conspiracy,25,Bunny Dom,26,30,0.00,0.00,0.00,1.00,Autumn,E&P,Random,Live,https://discord.com/channels/476234833572397056/1307166429874884659
11/16/2024 10:02:00,AlbertD95+6059,Rosewaterfish+9421,Tyr11+4081,ActiveAxon+8546,Marquise de Cat,Vagabond (Thief),Eyrie Dynasties,Lizard Cult,Riverfolk Company,21,34,17,28,0.00,1.00,0.00,0.00,Autumn,E&P,,Async,https://discord.com/channels/476234833572397056/1303329601971552347
11/16/2024 10:53:00,kesitron+0187,HobGungan+2914,Luclid+0298,kurinzu+3999,Marquise de Cat,Corvid Conspiracy,Eyrie Dynasties,Riverfolk Company,Woodland Alliance,33,25,20,19,1.00,0.00,0.00,0.00,Mountain,E&P,,Async,https://discord.com/channels/476234833572397056/1305643973913870386/1307296579446640761
11/16/2024 15:00:00,lumpyprol+3206,TheWiseFox+8428,punkstarman+6645,TercMa+9283,Lizard Cult,Corvid Conspiracy,Woodland Alliance,Eyrie Dynasties,Vagabond (Vagrant),18,32,13,25,0.00,1.00,0.00,0.00,Mountain,E&P,,Async,https://discord.com/channels/476234833572397056/1304451531923394572
11/16/2024 20:19:00,TheWiseFox+8428,HobGungan+2914,Wubba+9310,Furry0329+6442,Woodland Alliance,Vagabond (Thief),Riverfolk Company,Underground Duchy,Vagabond (Scoundrel),13,21,22,30,0.00,0.00,0.00,1.00,Lake,Base,Random,Async,https://discord.com/channels/476234833572397056/1304811787236937860
11/16/2024 20:25:00,snootomode+8328,TercMa+9283,NadtyLite+7330,TheWiseFox+8428,Marquise de Cat,Eyrie Dynasties,Vagabond (Ranger),Corvid Conspiracy,Riverfolk Company,22,31,22,14,0.00,1.00,0.00,0.00,Autumn,E&P,,Async,https://discord.com/channels/476234833572397056/539979741420322836/1307439963767570464
11/17/2024 2:01:00,Umiya+8617,snootomode+8328,RedSamurai+6981,Myfirstdime+8673,Corvid Conspiracy,Lizard Cult,Eyrie Dynasties,Marquise de Cat,Underground Duchy,30,13,12,15,1.00,0.00,0.00,0.00,Lake,E&P,,Live,https://discord.com/channels/476234833572397056/1307504176477114499
11/17/2024 6:18:00,Killerstorm17+3440,Amazing moondog+4878,Myfirstdime+8673,MythicalTechno+5000,Underground Duchy,Lizard Cult,Vagabond (Thief),Eyrie Dynasties,Vagabond (Scoundrel),30,11,11,11,1.00,0.00,0.00,0.00,Autumn,E&P,Random,Async,https://discord.com/channels/476234833572397056/1307568441837748234
11/17/2024 10:50:00,Youdge+8117,ToastyLion+8589,Numahr+1384,Keirdre+1636,Corvid Conspiracy,Vagabond (Adventurer),Eyrie Dynasties,Woodland Alliance,Lizard Cult,30,14,23,10,1.00,0.00,0.00,0.00,Winter,E&P,,Async,https://discord.com/channels/476234833572397056/1304347014493896737
11/17/2024 13:58:00,Silver+6850,Furry0329+6442,HobGungan+2914,KFull+1226,Underground Duchy,Riverfolk Company,Corvid Conspiracy,Eyrie Dynasties,Marquise de Cat,25,30,13,23,0.00,1.00,0.00,0.00,Mountain,E&P,Random,Async,https://discord.com/channels/476234833572397056/1305670315682299904
11/17/2024 14:27:00,Fearteiler+8050,AlexP+2435,ashfall+0120,greenplastic90+3616,Marquise de Cat,Vagabond (Vagrant),Underground Duchy,Eyrie Dynasties,Corvid Conspiracy,24,23,12,30,0.00,0.00,0.00,1.00,Lake,E&P,Random,Async,https://discord.com/channels/476234833572397056/1302186570237087834
11/17/2024 14:32:00,greenplastic90+3616,AnkiTheCat+3431,HuntingGirl37+3550,Matoto+8242,Vagabond (Tinker),Marquise de Cat,Lizard Cult,Riverfolk Company,Vagabond (Ranger),30,17,8,25,1.00,0.00,0.00,0.00,Mountain,E&P,Random,Async,https://discord.com/channels/476234833572397056/1300547625702916127
11/17/2024 15:51:00,MrRiceGuy+5849,TheWiseFox+8428,Lisapoo+5394,Tyr11+4081,Lizard Cult,Underground Duchy,Woodland Alliance,Eyrie Dynasties,Marquise de Cat,18,17,30,23,0.00,0.00,1.00,0.00,Winter,E&P,,Async,https://discord.com/channels/476234833572397056/1302979178081292301/1307731653828935852
11/17/2024 19:55:00,Pyrocrab+5064,Fearteiler+8050,Wubba+9310,Tad604+8004,Marquise de Cat,Riverfolk Company,Underground Duchy,Vagabond (Arbiter),Eyrie Dynasties,18,23,31,29,0.00,0.00,1.00,0.00,Winter,E&P,,Async,https://discord.com/channels/476234833572397056/1304189197829279784
11/17/2024 21:49:00,KFull+1226,Furry0329+6442,TheWiseFox+8428,BetterPools+6450,Marquise de Cat,Underground Duchy,Corvid Conspiracy,Eyrie Dynasties,Riverfolk Company,26,23,24,30,0.00,0.00,0.00,1.00,Lake,E&P,,Async,https://discord.com/channels/476234833572397056/1302623255458353234/1307823839492837406
11/17/2024 22:42:00,Deejaythink+9834,TheWiseFox+8428,Umiya+8617,Youdge+8117,Lizard Cult,Corvid Conspiracy,Eyrie Dynasties,Vagabond (Harrier),Marquise de Cat,26,23,31,25,0.00,0.00,1.00,0.00,Winter,E&P,,Async,https://discord.com/channels/476234833572397056/1303456028721156180
11/17/2024 23:35:00,cringelordirl+3838,NadtyLite+7330,Furry0329+6442,HobGungan+2914,Corvid Conspiracy,Riverfolk Company,Eyrie Dynasties,Lizard Cult,Marquise de Cat,30,22,21,28,1.00,0.00,0.00,0.00,Lake,E&P,Random,Async,https://discord.com/channels/476234833572397056/1306458529216987228/1307850367584964629
11/18/2024 4:12:00,IndifferentFish+2547,NadtyLite+7330,BrorWolf25+7581,yourwhiteshadow+2970,Corvid Conspiracy,Eyrie Dynasties,Underground Duchy,Vagabond (Arbiter),,19,31,10,22,0.00,1.00,0.00,0.00,Autumn,E&P,Random,Async,https://discord.com/channels/476234833572397056/1300660505890783354
11/18/2024 11:13:00,lumpyprol+3206,CluelessRune+5235,TheWiseFox+8428,Aceosd+1686,Lizard Cult,Marquise de Cat,Underground Duchy,Corvid Conspiracy,,12,17,30,16,0.00,0.00,1.00,0.00,Autumn,E&P,,Async,https://discord.com/channels/476234833572397056/1303384753222979675
11/18/2024 12:01:00,punkstarman+6645,skellen+1863,Tyr11+4081,Hoffenpepper+6941,Lizard Cult,Riverfolk Company,Eyrie Dynasties,Underground Duchy,Vagabond (Ronin),25,19,20,32,0.00,0.00,0.00,1.00,Winter,E&P,,Async,https://discord.com/channels/476234833572397056/1304040182831513661
11/18/2024 12:26:00,GodMaster10+1722,sideffects+0863,Fearteiler+8050,TheWiseFox+8428,Vagabond (Ranger),Vagabond (Thief),Eyrie Dynasties,Corvid Conspiracy,Underground Duchy,30,26,24,16,1.00,0.00,0.00,0.00,Mountain,E&P,Random,Async,https://discord.com/channels/476234833572397056/1305639733325467658
11/18/2024 12:39:00,HobGungan+2914,Lisapoo+5394,Killerstorm17+3440,Milkwet+6135,Riverfolk Company,Vagabond (Scoundrel),Underground Duchy,Lizard Cult,Marquise de Cat,25,21,32,26,0.00,0.00,1.00,0.00,Autumn,E&P,Random,Async,https://discord.com/channels/476234833572397056/1307709551981756467
11/18/2024 17:11:00,TheWiseFox+8428,NadtyLite+7330,AlbertD95+6059,radiantchaos+5523,Riverfolk Company,Lizard Cult,Eyrie Dynasties,Vagabond (Thief),Underground Duchy,26,30,16,Coalition w/Eyrie Dynasties,0.00,1.00,0.00,0.00,Winter,E&P,,Async,https://discord.com/channels/476234833572397056/1304539647770234890
11/18/2024 22:10:00,bwebby+1847,Yragael+5413,GDCytosine+9164,NadtyLite+7330,Woodland Alliance,Corvid Conspiracy,Marquise de Cat,Vagabond (Harrier),,29,20,30,23,0.00,0.00,1.00,0.00,Mountain,E&P,,Async,https://discord.com/channels/476234833572397056/1304267439348912243/1308172084664467467
11/18/2024 23:12:00,MrRiceGuy+5849,2eaasley+6663,Shartreusenightmare+4730,FakeSki+4232,Vagabond (Harrier),Marquise de Cat,Eyrie Dynasties,Riverfolk Company,Vagabond (Ronin),19,22,21,30,0.00,0.00,0.00,1.00,Autumn,E&P,Random,Async,https://discord.com/channels/476234833572397056/1301030908962279565/1308206525122351166
11/19/2024 0:16:00,Youdge+8117,RedSamurai+6981,MrRiceGuy+5849,HobGungan+2914,Corvid Conspiracy,Woodland Alliance,Underground Duchy,Riverfolk Company,Eyrie Dynasties,19,31,15,20,0.00,1.00,0.00,0.00,Lake,E&P,,Async,https://discord.com/channels/476234833572397056/1304831399647514674
11/19/2024 0:45:00,Ctfox+5431,SoulDataFMAB+1794,HobGungan+2914,benruff+0449,Riverfolk Company,Corvid Conspiracy,Vagabond (Tinker),Eyrie Dynasties,Vagabond (Thief),30,27,20,24,1.00,0.00,0.00,0.00,Lake,E&P,Random,Async,https://discord.com/channels/476234833572397056/1306799452559900682
11/19/2024 1:13:00,benruff+0449,Amazing moondog+4878,MythicalTechno+5000,chruw+1829,Vagabond (Vagrant),Lizard Cult,Eyrie Dynasties,Woodland Alliance,Marquise de Cat,17,31,21,11,0.00,1.00,0.00,0.00,Lake,E&P,,Async,https://discord.com/channels/476234833572397056/1308222934812332063
11/19/2024 2:42:00,Plush2+8334,MrRiceGuy+5849,Amazing moondog+4878,MythicalTechno+5000,Corvid Conspiracy,Eyrie Dynasties,Lizard Cult,Marquise de Cat,Woodland Alliance,18,15,30,16,0.00,0.00,1.00,0.00,Lake,E&P,,Async,https://discord.com/channels/476234833572397056/1308241275765391470
11/19/2024 3:19:00,BrutusK+0177,cringelordirl+3838,SoulDataFMAB+1794,snootomode+8328,Vagabond (Vagrant),Underground Duchy,Corvid Conspiracy,Eyrie Dynasties,,21,30,19,23,0.00,1.00,0.00,0.00,Mountain,E&P,Random,Async,https://discord.com/channels/476234833572397056/1306124136376172625/1308198423123726346
11/19/2024 4:03:00,MythicalTechno+5000,devinblox+9150,MrRiceGuy+5849,Amazing moondog+4878,Vagabond (Arbiter),Eyrie Dynasties,Riverfolk Company,Underground Duchy,Woodland Alliance,12,31,18,20,0.00,1.00,0.00,0.00,Lake,E&P,Random,Live,https://discord.com/channels/476234833572397056/1308261704693583882
11/19/2024 4:54:00,Pyrocrab+5064,trelemar+5922,lumpyprol+3206,NadtyLite+7330,Riverfolk Company,Eyrie Dynasties,Underground Duchy,Vagabond (Harrier),Marquise de Cat,19,15,28,30,0.00,0.00,0.00,1.00,Lake,E&P,Random,Async,https://discord.com/channels/476234833572397056/1305701771183915078
11/19/2024 5:43:00,2eaasley+6663,MrRiceGuy+5849,MythicalTechno+5000,SoulDataFMAB+1794,Underground Duchy,Marquise de Cat,Riverfolk Company,Vagabond (Ranger),Eyrie Dynasties,21,21,28,30,0.00,0.00,0.00,1.00,Lake,E&P,,Live,https://media.discordapp.net/attachments/1308284184598679562/1308303932241612821/20241118233207_1.jpg?ex=673d747c&is=673c22fc&hm=1e762704e24d38de2170214f614ee43c978a9adcfd4c839134013e858a7a5d99&=&format=webp&width=1177&height=662
11/19/2024 13:47:00,TheWiseFox+8428,Youdge+8117,MrRiceGuy+5849,Matoto+8242,Vagabond (Thief),Underground Duchy,Vagabond (Vagrant),Riverfolk Company,Eyrie Dynasties,16,30,Coalition w/Vagabond (Thief),15,0.00,1.00,0.00,0.00,Autumn,E&P,Random,Async,https://discord.com/channels/476234833572397056/1305098051949563914
11/19/2024 14:04:00,WlGGLYBOl+0260,jayli+9450,JrTheLich+6525,Asturk+8676,Marquise de Cat,Riverfolk Company,Vagabond (Scoundrel),Eyrie Dynasties,Corvid Conspiracy,19,30,12,19,0.00,1.00,0.00,0.00,Winter,E&P,,Async,https://discord.com/channels/476234833572397056/1306039191146336267
11/19/2024 14:24:00,sideffects+0863,NadtyLite+7330,jayli+9450,Deejaythink+9834,Lizard Cult,Riverfolk Company,Vagabond (Thief),Underground Duchy,Marquise de Cat,26,30,Coalition w/Underground Duchy,28,0.00,1.00,0.00,0.00,Autumn,E&P,Random,Async,https://discord.com/channels/476234833572397056/1305626545217470475
11/19/2024 14:53:00,TheWiseFox+8428,Numahr+1384,jayli+9450,skellen+1863,Vagabond (Ronin),Underground Duchy,Riverfolk Company,Lizard Cult,Marquise de Cat,8,32,21,18,0.00,1.00,0.00,0.00,Mountain,E&P,Random,Async,https://discord.com/channels/476234833572397056/1304381830845300757
11/19/2024 15:00:00,Numahr+1384,TercMa+9283,deathprod+3566,Umiya+8617,Marquise de Cat,Underground Duchy,Riverfolk Company,Lizard Cult,Vagabond (Ronin),30,20,18,13,1.00,0.00,0.00,0.00,Autumn,E&P,Random,Async,https://discord.com/channels/476234833572397056/1303560382316675155
11/19/2024 21:33:00,TheWiseFox+8428,Asturk+8676,Shartreusenightmare+4730,TercMa+9283,Underground Duchy,Lizard Cult,Vagabond (Vagrant),Eyrie Dynasties,Marquise de Cat,25,30,19,22,0.00,1.00,0.00,0.00,Mountain,E&P,Random,Async,https://discord.com/channels/476234833572397056/1306356105689169920/1308541521368191036
11/20/2024 2:12:00,cringelordirl+3838,DarthPuniceus+9605,Ctfox+5431,JrTheLich+6525,Corvid Conspiracy,Vagabond (Ronin),Riverfolk Company,Eyrie Dynasties,Marquise de Cat,26,21,30,6,0.00,0.00,1.00,0.00,Autumn,E&P,Random,Async,https://discord.com/channels/476234833572397056/1306427713539670136
11/20/2024 4:37:00,RedSamurai+6981,TheKingjj+4659,FakeSki+4232,VenLapaki+3810,Eyrie Dynasties,Underground Duchy,Riverfolk Company,Vagabond (Ranger),Marquise de Cat,30,23,11,17,1.00,0.00,0.00,0.00,Mountain,E&P,,Live,https://discord.com/channels/476234833572397056/1308632901838962748
11/20/2024 5:36:00,skellen+1863,TheWiseFox+8428,ashfall+0120,TercMa+9283,Riverfolk Company,Underground Duchy,Corvid Conspiracy,Woodland Alliance,Marquise de Cat,20,17,15,31,0.00,0.00,0.00,1.00,Winter,E&P,,Async,https://discord.com/channels/476234833572397056/1298591216111325186/1308646820863414342
11/20/2024 8:42:00,GeliDadalt+4238,Ctfox+5431,HobGungan+2914,jayli+9450,Corvid Conspiracy,Woodland Alliance,Lizard Cult,Eyrie Dynasties,Marquise de Cat,9,16,23,30,0.00,0.00,0.00,1.00,Autumn,Base,,Async,https://discord.com/channels/476234833572397056/1308422844832550912
11/20/2024 11:28:00,kurinzu+3999,Tyr11+4081,AlexP+2435,JrTheLich+6525,Riverfolk Company,Vagabond (Adventurer),Eyrie Dynasties,Lizard Cult,,19,25,30,24,0.00,0.00,1.00,0.00,Autumn,E&P,Random,Async,https://discord.com/channels/476234833572397056/1305828359284068394
11/20/2024 14:00:00,TercMa+9283,Unkannie+6295,ZachB+8726,Tyr11+4081,Corvid Conspiracy,Riverfolk Company,Eyrie Dynasties,Underground Duchy,Woodland Alliance,24,8,31,21,0.00,0.00,1.00,0.00,Lake,E&P,Random,Async,https://discord.com/channels/476234833572397056/1306365212978446408/1308793561294311534
11/20/2024 18:32:00,TheWiseFox+8428,GlisteningGeetus+4225,Gagneto+8499,KFull+1226,Vagabond (Vagrant),Lizard Cult,Vagabond (Arbiter),Eyrie Dynasties,Marquise de Cat,15,30,23,25,0.00,1.00,0.00,0.00,Lake,E&P,Random,Async,https://discord.com/channels/476234833572397056/1307081453703794828
11/20/2024 20:01:00,cringelordirl+3838,Holysheva+0413,snootomode+8328,KFull+1226,Underground Duchy,Vagabond (Tinker),Marquise de Cat,Eyrie Dynasties,Lizard Cult,30,11,12,17,1.00,0.00,0.00,0.00,Winter,E&P,,Async,https://discord.com/channels/476234833572397056/1305720197767893012/1308884073888092160
11/21/2024 2:04:00,WlGGLYBOl+0260,benruff+0449,1coolguy+6294,BloodMuffin+4386,Corvid Conspiracy,Marquise de Cat,Eyrie Dynasties,Underground Duchy,Riverfolk Company,30,24,21,18,1.00,0.00,0.00,0.00,Mountain,E&P,,Async,https://discord.com/channels/476234833572397056/1306458452029210644
11/21/2024 5:09:00,jayteedoe+0551,Killerstorm17+3440,RedSamurai+6981,ksenator+7693,Marquise de Cat,Vagabond (Harrier),Underground Duchy,Lizard Cult,Corvid Conspiracy,11,31,17,12,0.00,1.00,0.00,0.00,Lake,E&P,Random,Live,https://discord.com/channels/476234833572397056/1309002855369277453
11/21/2024 7:00:00,MythicalTechno+5000,2eaasley+6663,RedSamurai+6981,Amazing moondog+4878,Marquise de Cat,Corvid Conspiracy,Eyrie Dynasties,Lizard Cult,Vagabond (Ranger),30,Mouse Dom,20,29,1.00,0.00,0.00,0.00,Winter,E&P,,Async,https://discord.com/channels/476234833572397056/1309021011164926022
11/21/2024 8:18:00,JrTheLich+6525,AlexP+2435,GrandmasCookies+3715,Rosen+7042,Riverfolk Company,Vagabond (Thief),Marquise de Cat,Lizard Cult,Eyrie Dynasties,18,30,18,15,0.00,1.00,0.00,0.00,Mountain,E&P,Random,Async,https://discord.com/channels/476234833572397056/1307591050789126204
11/21/2024 18:25:00,Furry0329+6442,RedSamurai+6981,Wintermute+3032,SoulDataFMAB+1794,Eyrie Dynasties,Riverfolk Company,Woodland Alliance,Underground Duchy,Vagabond (Scoundrel),31,10,10,12,1.00,0.00,0.00,0.00,Mountain,E&P,Random,Async,https://discord.com/channels/476234833572397056/1307902914718863431
11/21/2024 19:56:00,CroCroCro+9495,MarquiseDeGyatt+0202,Milkwet+6135,2eaasley+6663,Vagabond (Ronin),Eyrie Dynasties,Lizard Cult,Vagabond (Arbiter),Marquise de Cat,11,15,30,13,0.00,0.00,1.00,0.00,Winter,E&P,,Live,https://discord.com/channels/476234833572397056/1309222301933371506
11/21/2024 20:24:00,Unkannie+6295,Tad604+8004,TercMa+9283,bwebby+1847,Marquise de Cat,Corvid Conspiracy,Eyrie Dynasties,Riverfolk Company,Lizard Cult,10,13,24,30,0.00,0.00,0.00,1.00,Lake,E&P,,Async,https://discord.com/channels/476234833572397056/1306365010821517466
11/21/2024 22:35:00,radiantchaos+5523,lumpyprol+3206,TheWiseFox+8428,NadtyLite+7330,Riverfolk Company,Underground Duchy,Lizard Cult,Eyrie Dynasties,Woodland Alliance,30,24,20,27,1.00,0.00,0.00,0.00,Winter,E&P,,Async,https://discord.com/channels/476234833572397056/1304454028352290826
11/21/2024 23:02:00,Asturk+8676,TheWiseFox+8428,bwebby+1847,Fearteiler+8050,Marquise de Cat,Vagabond (Thief),Vagabond (Harrier),Underground Duchy,Riverfolk Company,21,Coalition w/Vagabond (Harrier),17,30,0.00,0.00,0.00,1.00,Autumn,E&P,,Async,https://discord.com/channels/476234833572397056/1306368899293384825
11/21/2024 23:12:00,snapfish295+8182,tjudge+8299,Amazing moondog+4878,Milkwet+6135,Riverfolk Company,Corvid Conspiracy,Underground Duchy,Vagabond (Vagrant),Eyrie Dynasties,25,29,30,27,0.00,0.00,1.00,0.00,Mountain,E&P,,Async,https://discord.com/channels/476234833572397056/1309259836252229674
11/21/2024 23:13:00,SoulDataFMAB+1794,lumpyprol+3206,Pyrocrab+5064,Gagneto+8499,Riverfolk Company,Marquise de Cat,Lizard Cult,Woodland Alliance,Vagabond (Arbiter),30,26,22,9,1.00,0.00,0.00,0.00,Winter,E&P,,Async,https://media.discordapp.net/attachments/1308152956087963763/1309294711667822672/20241121170848_1.jpg?ex=67410f38&is=673fbdb8&hm=c52716e6d17cbd425e07fce9be6e8d3f227333e49c2c40ada5efd15131a84043&=&format=webp&width=1177&height=662
11/22/2024 2:25:00,Ribroast+5366,tunnndz+4270,snootomode+8328,jayteedoe+0551,Vagabond (Ranger),Riverfolk Company,Woodland Alliance,Underground Duchy,Vagabond (Adventurer),20,29,32,15,0.00,0.00,1.00,0.00,Lake,E&P,Random,Async,https://discord.com/channels/476234833572397056/1309319145837428887
11/22/2024 2:50:00,Breadstick+9988,Myfirstdime+8673,bwebby+1847,TyCobb+4799,Marquise de Cat,Riverfolk Company,Corvid Conspiracy,Eyrie Dynasties,Lizard Cult,29,26,21,32,0.00,0.00,0.00,1.00,Winter,E&P,,Async,
11/22/2024 3:31:00,HobGungan+2914,Kdos15+1623,GlisteningGeetus+4225,Myfirstdime+8673,Vagabond (Scoundrel),Underground Duchy,Vagabond (Adventurer),Marquise de Cat,Corvid Conspiracy,20,12,32,18,0.00,0.00,1.00,0.00,Mountain,E&P,,Async,https://discord.com/channels/476234833572397056/1307534764022169711
11/22/2024 4:32:00,scatter+8800,snapfish295+8182,jayteedoe+0551,MarquiseDeGyatt+0202,Marquise de Cat,Riverfolk Company,Corvid Conspiracy,Underground Duchy,Woodland Alliance,25,23,30,19,0.00,0.00,1.00,0.00,Winter,E&P,,Live,https://discord.com/channels/476234833572397056/1309346528888098928
11/22/2024 6:02:00,radiantchaos+5523,kurinzu+3999,Matt516+2460,NadtyLite+7330,Eyrie Dynasties,Corvid Conspiracy,Vagabond (Arbiter),Marquise de Cat,Woodland Alliance,27,30,Coalition w/Eyrie Dynasties,27,0.00,1.00,0.00,0.00,Lake,E&P,,Async,https://discord.com/channels/476234833572397056/1305577513891926067
11/22/2024 10:20:00,pooge+6189,Rooter+6824,punkstarman+6645,Fearteiler+8050,Corvid Conspiracy,Vagabond (Scoundrel),Riverfolk Company,Eyrie Dynasties,Marquise de Cat,29,Coalition w/Riverfolk Company,31,26,0.00,0.50,0.50,0.00,Lake,E&P,,Async,https://discord.com/channels/476234833572397056/539979741420322836/1309457868818481192
11/22/2024 13:58:00,tunnndz+4270,Killerstorm17+3440,scatter+8800,CroCroCro+9495,Eyrie Dynasties,Underground Duchy,Lizard Cult,Riverfolk Company,Vagabond (Tinker),24,33,20,23,0.00,1.00,0.00,0.00,Lake,E&P,Random,Async,https://discord.com/channels/476234833572397056/1309496712393527338
11/22/2024 17:59:00,Milkwet+6135,SluyGuy+5208,HobGungan+2914,Matt516+2460,Riverfolk Company,Corvid Conspiracy,Woodland Alliance,Eyrie Dynasties,Marquise de Cat,21,16,32,20,0.00,0.00,1.00,0.00,Winter,E&P,,Async,https://discord.com/channels/476234833572397056/1308528279942201384
11/22/2024 20:18:00,Ctfox+5431,proffeserian+3172,RedSamurai+6981,KFull+1226,Corvid Conspiracy,Woodland Alliance,Vagabond (Ranger),Eyrie Dynasties,Marquise de Cat,21,29,20,30,0.00,0.00,0.00,1.00,Autumn,E&P,,Async,https://discord.com/channels/476234833572397056/1306102916959961152
11/22/2024 22:16:00,scatter+8800,CroCroCro+9495,MythicalTechno+5000,ydoroot+6482,Riverfolk Company,Vagabond (Arbiter),Eyrie Dynasties,Woodland Alliance,Vagabond (Adventurer),20,30,19,7,0.00,1.00,0.00,0.00,Winter,E&P,,Async,https://discord.com/channels/476234833572397056/1309620107122573363
11/23/2024 1:55:00,robinsrus9+9439,radiantchaos+5523,jayli+9450,Lisapoo+5394,Lizard Cult,Marquise de Cat,Vagabond (Ronin),Vagabond (Arbiter),Corvid Conspiracy,17,23,29,30,0.00,0.00,0.00,1.00,Mountain,E&P,,Async,https://discord.com/channels/476234833572397056/1304456333747290122/1309697908311982143
11/23/2024 6:05:00,Amazing moondog+4878,KumoSumo+5421,Agamer88+3858,snootomode+8328,Vagabond (Thief),Marquise de Cat,Underground Duchy,Eyrie Dynasties,Riverfolk Company,20,22,30,7,0.00,0.00,1.00,0.00,Lake,E&P,,Async,
11/23/2024 6:10:00,RedSamurai+6981,9psht+6695,Agamer88+3858,MarquiseDeGyatt+0202,Lizard Cult,Eyrie Dynasties,Corvid Conspiracy,Vagabond (Arbiter),Vagabond (Vagrant),14,30,18,26,0.00,1.00,0.00,0.00,Winter,E&P,,Live,https://discord.com/channels/476234833572397056/1309727651610755123
11/23/2024 7:01:00,Amazing moondog+4878,gogosqueeze+6963,Unkranz+8516,jayteedoe+0551,Corvid Conspiracy,Woodland Alliance,Eyrie Dynasties,Underground Duchy,Riverfolk Company,30,23,24,21,1.00,0.00,0.00,0.00,Autumn,E&P,Random,Async,https://discord.com/channels/476234833572397056/1309745906932777061
11/23/2024 8:43:00,9psht+6695,Killerstorm17+3440,Unkranz+8516,tunnndz+4270,Vagabond (Thief),Riverfolk Company,Vagabond (Ronin),Marquise de Cat,Underground Duchy,32,25,18,Bird Dom,1.00,0.00,0.00,0.00,Lake,E&P,Random,Live,https://discord.com/channels/476234833572397056/1309779845307301938
11/23/2024 13:16:00,lumpyprol+3206,NadtyLite+7330,TercMa+9283,Tad604+8004,Riverfolk Company,Lizard Cult,Underground Duchy,Vagabond (Tinker),Woodland Alliance,10,23,30,18,0.00,0.00,1.00,0.00,Lake,E&P,,Async,https://discord.com/channels/476234833572397056/1308818581303328798/1309847542971895879
11/23/2024 15:49:00,GlisteningGeetus+4225,TheWiseFox+8428,BloodMuffin+4386,Rooter+6824,Eyrie Dynasties,Underground Duchy,Woodland Alliance,Vagabond (Tinker),Lizard Cult,30,13,16,13,1.00,0.00,0.00,0.00,Autumn,E&P,,Async,https://discord.com/channels/476234833572397056/1307781471850991786
11/23/2024 16:24:00,Aeliott+7118,BloodMuffin+4386,Silver+6850,GlisteningGeetus+4225,Riverfolk Company,Woodland Alliance,Eyrie Dynasties,Underground Duchy,Lizard Cult,30,18,28,29,1.00,0.00,0.00,0.00,Mountain,E&P,,Async,https://discord.com/channels/476234833572397056/1307038179932504185
11/23/2024 21:04:00,Bitto+0476,NadtyLite+7330,kurinzu+3999,SoulDataFMAB+1794,Riverfolk Company,Underground Duchy,Lizard Cult,Vagabond (Arbiter),Marquise de Cat,17,30,23,21,0.00,1.00,0.00,0.00,Winter,E&P,,Async,https://discord.com/channels/476234833572397056/1306023870087692308
11/23/2024 22:35:00,HuntingGirl37+3550,TheWiseFox+8428,BoMa85+9812,Hoffenpepper+6941,Woodland Alliance,Vagabond (Arbiter),Vagabond (Thief),Eyrie Dynasties,Marquise de Cat,15,17,22,31,0.00,0.00,0.00,1.00,Winter,E&P,,Async,https://discord.com/channels/476234833572397056/1306981415631720460
11/23/2024 22:43:00,Pliskin+7357,Lisapoo+5394,Holysheva+0413,Ctfox+5431,Woodland Alliance,Marquise de Cat,Vagabond (Arbiter),Riverfolk Company,Eyrie Dynasties,16,24,30,18,0.00,0.00,1.00,0.00,Mountain,E&P,Random,Async,https://discord.com/channels/476234833572397056/1306959306863935488
11/24/2024 0:36:00,KFull+1226,cringelordirl+3838,sandbox+7806,0oAo0+4780,Vagabond (Adventurer),Corvid Conspiracy,Eyrie Dynasties,Lizard Cult,Vagabond (Harrier),30,26,26,20,1.00,0.00,0.00,0.00,Mountain,E&P,,Async,https://discord.com/channels/476234833572397056/1302317207820308480/1302317207820308480
11/24/2024 2:18:00,Youdge+8117,Wubba+9310,BetterPools+6450,TheWiseFox+8428,Riverfolk Company,Lizard Cult,Underground Duchy,Corvid Conspiracy,Marquise de Cat,22,21,31,14,0.00,0.00,1.00,0.00,Mountain,E&P,,Async,https://discord.com/channels/476234833572397056/1305157682185113651/1310011346946887850
11/24/2024 2:34:00,Karcher+6280,Pyrocrab+5064,TercMa+9283,RedSamurai+6981,Lizard Cult,Corvid Conspiracy,Vagabond (Tinker),Marquise de Cat,Vagabond (Arbiter),24,18,30,23,0.00,0.00,1.00,0.00,Mountain,E&P,,Async,https://discord.com/channels/476234833572397056/1307916794836553808/1310069979818758174
11/24/2024 2:38:00,RedSamurai+6981,FakeSki+4232,Wubba+9310,snootomode+8328,Marquise de Cat,Corvid Conspiracy,Underground Duchy,Eyrie Dynasties,Woodland Alliance,20,22,31,18,0.00,0.00,1.00,0.00,Lake,E&P,,Live,https://discord.com/channels/476234833572397056/1310036652705579078
11/24/2024 4:39:00,snootomode+8328,tunnndz+4270,Killerstorm17+3440,radiantchaos+5523,Marquise de Cat,Eyrie Dynasties,Woodland Alliance,Vagabond (Harrier),Underground Duchy,12,12,33,21,0.00,0.00,1.00,0.00,Lake,E&P,Random,Async,https://discord.com/channels/476234833572397056/1310088641795854378
11/24/2024 16:42:00,GodMaster10+1722,Plush2+8334,snootomode+8328,TheWiseFox+8428,Vagabond (Thief),Lizard Cult,Woodland Alliance,Eyrie Dynasties,Marquise de Cat,11,31,5,23,0.00,1.00,0.00,0.00,Winter,E&P,,Async,https://discord.com/channels/476234833572397056/1307778957839695938
11/24/2024 17:37:00,Ctfox+5431,GeliDadalt+4238,snapfish295+8182,TheWiseFox+8428,Riverfolk Company,Underground Duchy,Woodland Alliance,Corvid Conspiracy,Vagabond (Scoundrel),30,12,20,21,1.00,0.00,0.00,0.00,Mountain,E&P,Random,Async,https://discord.com/channels/476234833572397056/1308525790010409021
11/24/2024 18:35:00,ExodiaDoggo+4205,Umiya+8617,CroCroCro+9495,snootomode+8328,Marquise de Cat,Underground Duchy,Riverfolk Company,Eyrie Dynasties,Corvid Conspiracy,Bird Dom,28,30,18,0.00,0.00,1.00,0.00,Autumn,E&P,Random,Async,https://discord.com/channels/476234833572397056/1310292061488021585
11/24/2024 18:51:00,Keirdre+1636,1coolguy+6294,Myfirstdime+8673,proffeserian+3172,Eyrie Dynasties,Underground Duchy,Marquise de Cat,Riverfolk Company,,22,32,15,6,0.00,1.00,0.00,0.00,Autumn,E&P,Random,Async,https://discord.com/channels/476234833572397056/1306460348009807959
11/24/2024 22:02:00,PlagueCarrier+5718,ashfall+0120,Fearteiler+8050,NadtyLite+7330,Riverfolk Company,Vagabond (Adventurer),Woodland Alliance,Underground Duchy,Marquise de Cat,17,22,20,30,0.00,0.00,0.00,1.00,Lake,E&P,Random,Async,https://discord.com/channels/476234833572397056/1307111377520955402
11/25/2024 1:27:00,Milkwet+6135,Amazing moondog+4878,RedSamurai+6981,VenLapaki+3810,Vagabond (Arbiter),Lizard Cult,Marquise de Cat,Underground Duchy,Eyrie Dynasties,30,11,12,10,1.00,0.00,0.00,0.00,Mountain,E&P,,Live,https://discord.com/channels/476234833572397056/1310399267046821939
11/25/2024 2:44:00,pooge+6189,Milkwet+6135,Amazing moondog+4878,snootomode+8328,Underground Duchy,Riverfolk Company,Woodland Alliance,Eyrie Dynasties,Corvid Conspiracy,31,20,22,12,1.00,0.00,0.00,0.00,Autumn,Base,Random,Live,https://discord.com/channels/476234833572397056/1310416300178407476
11/25/2024 3:59:00,Ctfox+5431,HobGungan+2914,HuntingGirl37+3550,AlbertD95+6059,Vagabond (Adventurer),Eyrie Dynasties,Woodland Alliance,Underground Duchy,Vagabond (Ranger),16,30,7,16,0.00,1.00,0.00,0.00,Mountain,E&P,,Async,https://discord.com/channels/476234833572397056/1308177779573002250
11/25/2024 5:51:00,RedSamurai+6981,Unkranz+8516,Rosen+7042,Saintgutfree+3495,Vagabond (Thief),Eyrie Dynasties,Woodland Alliance,Underground Duchy,Marquise de Cat,29,20,32,18,0.00,0.00,1.00,0.00,Lake,Base,Random,Live,https://discord.com/channels/476234833572397056/1310456598958702694
11/25/2024 8:09:00,Holysheva+0413,cringelordirl+3838,RedSamurai+6981,ashfall+0120,Marquise de Cat,Riverfolk Company,Eyrie Dynasties,Vagabond (Vagrant),Corvid Conspiracy,23,22,27,30,0.00,0.00,0.00,1.00,Autumn,E&P,Random,Async,https://discord.com/channels/476234833572397056/1305711547850690611
11/25/2024 10:54:00,Namzies+1928,Excitedteapot+2857,Holysheva+0413,Bobby+2752,Marquise de Cat,Underground Duchy,Corvid Conspiracy,Woodland Alliance,,30,26,23,18,1.00,0.00,0.00,0.00,Lake,E&P,,Async,https://discord.com/channels/476234833572397056/1296855403547852872
11/25/2024 12:57:00,jayli+9450,TheWiseFox+8428,Holysheva+0413,deathprod+3566,Marquise de Cat,Riverfolk Company,Lizard Cult,Corvid Conspiracy,Vagabond (Harrier),32,17,20,18,1.00,0.00,0.00,0.00,Autumn,E&P,Random,Async,https://discord.com/channels/476234833572397056/1306026797359562773
11/25/2024 13:04:00,GeliDadalt+4238,Youdge+8117,HobGungan+2914,deathprod+3566,Riverfolk Company,Woodland Alliance,Vagabond (Tinker),Eyrie Dynasties,Marquise de Cat,24,23,31,27,0.00,0.00,1.00,0.00,Autumn,E&P,,Async,https://discord.com/channels/476234833572397056/1310236337818832946
11/25/2024 14:20:00,FakeSki+4232,GDCytosine+9164,HobGungan+2914,NadtyLite+7330,Eyrie Dynasties,Marquise de Cat,Corvid Conspiracy,Vagabond (Harrier),Vagabond (Ronin),20,22,25,30,0.00,0.00,0.00,1.00,Mountain,E&P,Random,Async,https://discord.com/channels/476234833572397056/1308277927044972576
11/25/2024 17:47:00,Fearteiler+8050,HuntingGirl37+3550,Furry0329+6442,benruff+0449,Riverfolk Company,Marquise de Cat,Underground Duchy,Woodland Alliance,Corvid Conspiracy,18,18,30,10,0.00,0.00,1.00,0.00,Autumn,E&P,Random,Async,https://discord.com/channels/476234833572397056/1307138554270584893
11/25/2024 17:58:00,greenplastic90+3616,Fearteiler+8050,Furry0329+6442,AlexP+2435,Corvid Conspiracy,Underground Duchy,Marquise de Cat,Vagabond (Vagrant),Lizard Cult,24,13,30,13,0.00,0.00,1.00,0.00,Mountain,E&P,Random,Async,https://discord.com/channels/476234833572397056/1307716380208136293
11/25/2024 18:00:00,ExodiaDoggo+4205,HuntingGirl37+3550,CroCroCro+9495,Myfirstdime+8673,Woodland Alliance,Underground Duchy,Vagabond (Ronin),Marquise de Cat,Corvid Conspiracy,30,25,Coalition w/Woodland Alliance,28,0.50,0.00,0.50,0.00,Mountain,E&P,,Async,https://discord.com/channels/476234833572397056/1310649410505412660
11/25/2024 18:01:00,HobGungan+2914,Pyrocrab+5064,Aeliott+7118,benruff+0449,Lizard Cult,Woodland Alliance,Riverfolk Company,Marquise de Cat,Underground Duchy,26,12,30,18,0.00,0.00,1.00,0.00,Mountain,Base,,Async,https://discord.com/channels/476234833572397056/1309881001966571632
11/25/2024 20:44:00,TheWiseFox+8428,HobGungan+2914,Hoffenpepper+6941,Tyr11+4081,Underground Duchy,Riverfolk Company,Corvid Conspiracy,Vagabond (Thief),Woodland Alliance,19,30,28,27,0.00,1.00,0.00,0.00,Winter,E&P,,Async,https://discord.com/channels/476234833572397056/1308428923763167273
11/25/2024 21:01:00,NadtyLite+7330,WlGGLYBOl+0260,Tyr11+4081,Rooter+6824,Woodland Alliance,Eyrie Dynasties,Marquise de Cat,Vagabond (Vagrant),Riverfolk Company,32,18,14,Coalition w/Woodland Alliance,0.50,0.00,0.00,0.50,Autumn,E&P,Random,Async,https://discord.com/channels/476234833572397056/1306331727697809521
11/25/2024 21:07:00,Rosewaterfish+9421,jayli+9450,Fearteiler+8050,Tad604+8004,Woodland Alliance,Underground Duchy,Eyrie Dynasties,Vagabond (Tinker),,27,28,26,31,0.00,0.00,0.00,1.00,Winter,E&P,,Async,https://discord.com/channels/476234833572397056/1304902964728692797/1310712998251466845
11/25/2024 21:17:00,Youdge+8117,GodMaster10+1722,TheWiseFox+8428,Tad604+8004,Vagabond (Scoundrel),Riverfolk Company,Woodland Alliance,Underground Duchy,Marquise de Cat,12,26,21,32,0.00,0.00,0.00,1.00,Winter,E&P,,Async,https://discord.com/channels/476234833572397056/1308886111447289950/1310715418016747545
11/25/2024 21:27:00,Fearteiler+8050,pooge+6189,Youdge+8117,NadtyLite+7330,Lizard Cult,Eyrie Dynasties,Underground Duchy,Riverfolk Company,Marquise de Cat,26,31,18,22,0.00,1.00,0.00,0.00,Autumn,E&P,Random,Async,https://discord.com/channels/476234833572397056/1308535745836748901
11/26/2024 2:09:00,lumpyprol+3206,NadtyLite+7330,trelemar+5922,HobGungan+2914,Marquise de Cat,Woodland Alliance,Eyrie Dynasties,Lizard Cult,Vagabond (Scoundrel),26,31,3,16,0.00,1.00,0.00,0.00,Autumn,E&P,Random,Async,https://discord.com/channels/476234833572397056/1308486987753459743
11/26/2024 2:10:00,GrandmasCookies+3715,NadtyLite+7330,cringelordirl+3838,Matt516+2460,Woodland Alliance,Eyrie Dynasties,Vagabond (Harrier),Underground Duchy,Vagabond (Ronin),31,18,14,17,1.00,0.00,0.00,0.00,Mountain,E&P,,Async,https://discord.com/channels/476234833572397056/1308614218282434600
11/26/2024 2:43:00,Tyr11+4081,lumpyprol+3206,NadtyLite+7330,MrRiceGuy+5849,Lizard Cult,Woodland Alliance,Riverfolk Company,Marquise de Cat,,17,17,23,30,0.00,0.00,0.00,1.00,Winter,E&P,,Async,https://discord.com/channels/476234833572397056/1307004957374943357
11/26/2024 2:44:00,Umiya+8617,snapfish295+8182,Amazing moondog+4878,Milkwet+6135,Woodland Alliance,Eyrie Dynasties,Lizard Cult,Marquise de Cat,Underground Duchy,30,16,19,16,1.00,0.00,0.00,0.00,Autumn,E&P,,Live,https://discord.com/channels/476234833572397056/1310775227843612754
11/26/2024 4:36:00,SoulDataFMAB+1794,snootomode+8328,Myfirstdime+8673,AlexP+2435,Lizard Cult,Eyrie Dynasties,Vagabond (Scoundrel),Underground Duchy,Corvid Conspiracy,30,19,8,20,1.00,0.00,0.00,0.00,Winter,E&P,,Async,https://media.discordapp.net/attachments/539979741420322836/1310649043860590652/20241125104910_1.jpg?ex=6745fc8a&is=6744ab0a&hm=247c387a8b14f62715d87c2bc491994f51f74f4c48dc31d7f7a3a003844613dc&=&format=webp&width=1177&height=662
11/26/2024 4:37:00,MarquiseDeGyatt+0202,RedSamurai+6981,Milkwet+6135,Amazing moondog+4878,Vagabond (Ranger),Vagabond (Arbiter),Eyrie Dynasties,Underground Duchy,Marquise de Cat,30,27,29,28,1.00,0.00,0.00,0.00,Autumn,Base,Random,Live,https://discord.com/channels/476234833572397056/1310805703614795888
11/26/2024 4:39:00,Penetreitor+7408,Umiya+8617,tunnndz+4270,RedSamurai+6981,Lizard Cult,Eyrie Dynasties,Woodland Alliance,Vagabond (Adventurer),Marquise de Cat,13,34,10,20,0.00,1.00,0.00,0.00,Lake,E&P,,Live,https://discord.com/channels/476234833572397056/1310811871980425297
11/26/2024 11:39:00,AlexP+2435,TheWiseFox+8428,jayli+9450,Goose+7396,Underground Duchy,Vagabond (Arbiter),Eyrie Dynasties,Lizard Cult,Woodland Alliance,21,16,20,30,0.00,0.00,0.00,1.00,Mountain,E&P,,Async,https://discord.com/channels/476234833572397056/1309099334695911485
11/26/2024 14:28:00,Gagneto+8499,Deejaythink+9834,jayli+9450,SoulDataFMAB+1794,Corvid Conspiracy,Vagabond (Arbiter),Eyrie Dynasties,Underground Duchy,Marquise de Cat,30,16,11,16,1.00,0.00,0.00,0.00,Mountain,E&P,,Async,https://discord.com/channels/476234833572397056/1308145562734034954
11/26/2024 15:04:00,SoulDataFMAB+1794,1coolguy+6294,JrTheLich+6525,KFull+1226,Underground Duchy,Riverfolk Company,Marquise de Cat,Vagabond (Arbiter),Vagabond (Thief),25,30,16,20,0.00,1.00,0.00,0.00,Mountain,E&P,Random,Async,https://discord.com/channels/476234833572397056/1306822242897887322
11/26/2024 18:22:00,Matt516+2460,KingGila+6347,cringelordirl+3838,ZachB+8726,Woodland Alliance,Vagabond (Scoundrel),Riverfolk Company,Underground Duchy,Marquise de Cat,16,15,17,30,0.00,0.00,0.00,1.00,Winter,E&P,,Async,https://discord.com/channels/476234833572397056/1308618141789589574/1311022259749654598
11/26/2024 23:03:00,GlisteningGeetus+4225,CroCroCro+9495,RipTide+8472,Tyr11+4081,Underground Duchy,Marquise de Cat,Vagabond (Adventurer),Eyrie Dynasties,Vagabond (Vagrant),30,25,12,20,1.00,0.00,0.00,0.00,Autumn,E&P,Random,Live,https://discord.com/channels/476234833572397056/1311049401719849071
11/26/2024 23:38:00,Holysheva+0413,NadtyLite+7330,BloodMuffin+4386,Vsquirrel+9158,Marquise de Cat,Vagabond (Adventurer),Underground Duchy,Eyrie Dynasties,Lizard Cult,28,33,24,9,0.00,1.00,0.00,0.00,Lake,E&P,Random,Async,https://discord.com/channels/476234833572397056/1307038978142375997
11/27/2024 4:17:00,NadtyLite+7330,Shartreusenightmare+4730,Ctfox+5431,lumpyprol+3206,Woodland Alliance,Riverfolk Company,Vagabond (Harrier),Underground Duchy,Eyrie Dynasties,30,18,13,20,1.00,0.00,0.00,0.00,Mountain,E&P,Random,Async,https://discord.com/channels/476234833572397056/1309362984048660552
11/27/2024 4:33:00,Ctfox+5431,Geomorgski+,VanKaiserman+5269,NadtyLite+7330,Marquise de Cat,Woodland Alliance,Riverfolk Company,Underground Duchy,Lizard Cult,30,21,28,20,1.00,0.00,0.00,0.00,Autumn,E&P,Random,Async,https://discord.com/channels/476234833572397056/1310643367453134858
11/27/2024 4:34:00,snootomode+8328,Agamer88+3858,Myfirstdime+8673,Umiya+8617,Eyrie Dynasties,Riverfolk Company,Vagabond (Ranger),Marquise de Cat,Corvid Conspiracy,17,30,Coalition w/Marquise de Cat,24,0.00,1.00,0.00,0.00,Mountain,E&P,Random,Live,
11/27/2024 17:56:00,Deejaythink+9834,NadtyLite+7330,Wintermute+3032,Tyr11+4081,Woodland Alliance,Eyrie Dynasties,Riverfolk Company,Lizard Cult,Corvid Conspiracy,24,30,16,20,0.00,1.00,0.00,0.00,Lake,E&P,Random,Async,https://discord.com/channels/476234833572397056/1308468419632562226
11/27/2024 20:14:00,jayteedoe+0551,ExodiaDoggo+4205,Umiya+8617,CroCroCro+9495,Lizard Cult,Underground Duchy,Woodland Alliance,Vagabond (Thief),Corvid Conspiracy,8,26,32,25,0.00,0.00,1.00,0.00,Winter,E&P,,Live,https://discord.com/channels/476234833572397056/1311403682725888080
11/27/2024 22:50:00,kesitron+0187,Furry0329+6442,KFull+1226,PlagueCarrier+5718,Corvid Conspiracy,Lizard Cult,Riverfolk Company,Eyrie Dynasties,Woodland Alliance,20,26,30,19,0.00,0.00,1.00,0.00,Autumn,E&P,,Async,https://discord.com/channels/476234833572397056/1307378481545609267/1307378481545609267
11/27/2024 22:55:00,Shartreusenightmare+4730,HobGungan+2914,Furry0329+6442,GlisteningGeetus+4225,Corvid Conspiracy,Lizard Cult,Eyrie Dynasties,Vagabond (Harrier),Riverfolk Company,24,30,15,26,0.00,1.00,0.00,0.00,Mountain,E&P,,Async,https://discord.com/channels/476234833572397056/1309363790894207018
11/28/2024 2:05:00,RustySpruce+2483,ActiveAxon+8546,HobGungan+2914,kurinzu+3999,Underground Duchy,Vagabond (Harrier),Marquise de Cat,Lizard Cult,Woodland Alliance,30,22,17,16,1.00,0.00,0.00,0.00,Winter,Base,,Async,https://discord.com/channels/476234833572397056/1305521939397218345/1309897203518537770
11/28/2024 2:12:00,Yragael+5413,Hoffenpepper+6941,Brandon+6006,Youdge+8117,Underground Duchy,Marquise de Cat,Woodland Alliance,Vagabond (Vagrant),Corvid Conspiracy,30,28,11,15,1.00,0.00,0.00,0.00,Autumn,E&P,,Async,https://discord.com/channels/476234833572397056/1310014492054257757
11/28/2024 2:52:00,GlisteningGeetus+4225,Milkwet+6135,Yoshi1283+7784,sideffects+0863,Corvid Conspiracy,Vagabond (Ranger),Eyrie Dynasties,Underground Duchy,Marquise de Cat,30,18,24,19,1.00,0.00,0.00,0.00,Mountain,E&P,Random,Async,https://discord.com/channels/476234833572397056/1310337520478982145
11/28/2024 3:10:00,Killerstorm17+3440,FakeSki+4232,snootomode+8328,Milkwet+6135,Woodland Alliance,Underground Duchy,Eyrie Dynasties,Lizard Cult,Riverfolk Company,30,17,20,23,1.00,0.00,0.00,0.00,Lake,E&P,Random,Async,https://discord.com/channels/476234833572397056/1311506131528716308
11/28/2024 5:01:00,Plush2+8334,snootomode+8328,Penetreitor+7408,RedSamurai+6981,Lizard Cult,Woodland Alliance,Underground Duchy,Eyrie Dynasties,Vagabond (Ronin),20,31,3,19,0.00,1.00,0.00,0.00,Winter,E&P,,Async,https://discord.com/channels/476234833572397056/1311537364211863593
11/28/2024 12:57:00,NadtyLite+7330,jayli+9450,ActiveAxon+8546,Fearteiler+8050,Eyrie Dynasties,Vagabond (Vagrant),Lizard Cult,Underground Duchy,Vagabond (Ranger),29,30,18,16,0.00,1.00,0.00,0.00,Autumn,E&P,Random,Async,https://discord.com/channels/476234833572397056/1308098466462961767
11/28/2024 17:02:00,TheWiseFox+8428,BloodMuffin+4386,PlagueCarrier+5718,GDCytosine+9164,Vagabond (Ranger),Woodland Alliance,Eyrie Dynasties,Riverfolk Company,Vagabond (Ronin),16,30,23,16,0.00,1.00,0.00,0.00,Winter,E&P,,Async,https://discord.com/channels/476234833572397056/1307032576845807749/1311738361421234247
11/28/2024 19:07:00,HuntingGirl37+3550,kurinzu+3999,bwebby+1847,Numahr+1384,Vagabond (Tinker),Woodland Alliance,Marquise de Cat,Eyrie Dynasties,Riverfolk Company,21,11,24,30,0.00,0.00,0.00,1.00,Winter,E&P,,Async,https://discord.com/channels/476234833572397056/539979741420322836/1311769279456219276
11/28/2024 20:24:00,bwebby+1847,SluyGuy+5208,TheWiseFox+8428,KFull+1226,Riverfolk Company,Lizard Cult,Corvid Conspiracy,Underground Duchy,Marquise de Cat,22,23,29,30,0.00,0.00,0.00,1.00,Autumn,E&P,,Async,https://discord.com/channels/476234833572397056/1306737674500968562
11/29/2024 4:16:00,Pyrocrab+5064,IndifferentFish+2547,Furry0329+6442,pooge+6189,Corvid Conspiracy,Eyrie Dynasties,Vagabond (Arbiter),Underground Duchy,Marquise de Cat,8,15,30,20,0.00,0.00,1.00,0.00,Winter,E&P,,Async,https://discord.com/channels/476234833572397056/1310783275781853246
11/29/2024 4:31:00,Fearteiler+8050,1coolguy+6294,Silver+6850,NadtyLite+7330,Riverfolk Company,Eyrie Dynasties,Underground Duchy,Vagabond (Tinker),Marquise de Cat,27,28,20,30,0.00,0.00,0.00,1.00,Lake,E&P,Random,Async,https://discord.com/channels/476234833572397056/1306723497770221681
11/29/2024 5:03:00,Killerstorm17+3440,Saintgutfree+3495,Amazing moondog+4878,MrRiceGuy+5849,Woodland Alliance,Underground Duchy,Vagabond (Thief),Eyrie Dynasties,Marquise de Cat,30,5,11,13,1.00,0.00,0.00,0.00,Lake,Base,Random,Async,https://discord.com/channels/476234833572397056/1311907263149113405
11/29/2024 14:05:00,NadtyLite+7330,Hoffenpepper+6941,JrTheLich+6525,MrRiceGuy+5849,Eyrie Dynasties,Corvid Conspiracy,Marquise de Cat,Vagabond (Harrier),Woodland Alliance,20,24,24,30,0.00,0.00,0.00,1.00,Autumn,E&P,Random,Async,https://discord.com/channels/476234833572397056/1308075877250240574
11/29/2024 15:24:00,WlGGLYBOl+0260,AlbertD95+6059,Pyrocrab+5064,Fearteiler+8050,Marquise de Cat,Underground Duchy,Riverfolk Company,Vagabond (Thief),Woodland Alliance,23,23,27,30,0.00,0.00,0.00,1.00,Mountain,E&P,,Async,https://discord.com/channels/476234833572397056/1308166101439348807
11/29/2024 17:21:00,Namzies+1928,Shartreusenightmare+4730,TheWiseFox+8428,MaxMin+2105,Eyrie Dynasties,Riverfolk Company,Vagabond (Vagrant),Underground Duchy,Marquise de Cat,24,30,18,22,0.00,1.00,0.00,0.00,Winter,E&P,,Async,https://discord.com/channels/476234833572397056/1300864746165375039
11/29/2024 22:09:00,NadtyLite+7330,TheWiseFox+8428,Fearteiler+8050,Hoffenpepper+6941,Marquise de Cat,Lizard Cult,Vagabond (Vagrant),Underground Duchy,Vagabond (Thief),30,21,25,19,1.00,0.00,0.00,0.00,Lake,E&P,Random,Async,https://discord.com/channels/476234833572397056/1310662163349770350
11/29/2024 23:18:00,bwebby+1847,TercMa+9283,SoulDataFMAB+1794,ZachB+8726,Vagabond (Tinker),Woodland Alliance,Vagabond (Vagrant),Underground Duchy,Marquise de Cat,22,32,18,26,0.00,1.00,0.00,0.00,Winter,E&P,,Async,https://discord.com/channels/476234833572397056/1309334171302367342/1312195236621058163
11/30/2024 4:07:00,snapfish295+8182,RedSamurai+6981,JrTheLich+6525,lumpyprol+3206,Underground Duchy,Vagabond (Tinker),Riverfolk Company,Eyrie Dynasties,Corvid Conspiracy,23,28,13,31,0.00,0.00,0.00,1.00,Mountain,E&P,,Async,https://discord.com/channels/476234833572397056/1308300111549435967
11/30/2024 5:24:00,jasonmc+7741,Saintgutfree+3495,Umiya+8617,Amazing moondog+4878,Vagabond (Adventurer),Underground Duchy,Marquise de Cat,Lizard Cult,Vagabond (Vagrant),30,14,27,25,1.00,0.00,0.00,0.00,Mountain,Base,,Live,https://discord.com/channels/476234833572397056/1312264471573565581
11/30/2024 9:18:00,GrandmasCookies+3715,cringelordirl+3838,JrTheLich+6525,GDCytosine+9164,Corvid Conspiracy,Eyrie Dynasties,Underground Duchy,Vagabond (Adventurer),Lizard Cult,30,10,5,8,1.00,0.00,0.00,0.00,Autumn,E&P,Random,Async,https://discord.com/channels/476234833572397056/1308313539471212609
11/30/2024 18:25:00,NadtyLite+7330,Saintgutfree+3495,sideffects+0863,snapfish295+8182,Eyrie Dynasties,Corvid Conspiracy,Underground Duchy,Woodland Alliance,,30,13,14,21,1.00,0.00,0.00,0.00,Lake,E&P,Random,Async,https://discord.com/channels/476234833572397056/1309194672911945858
11/30/2024 19:14:00,Saintgutfree+3495,CroCroCro+9495,snootomode+8328,SoulDataFMAB+1794,Marquise de Cat,Vagabond (Ronin),Eyrie Dynasties,Woodland Alliance,Riverfolk Company,14,Coalition w/Marquise de Cat,24,32,0.00,0.00,0.00,1.00,Lake,E&P,,Live,https://media.discordapp.net/attachments/1312475502237192282/1312495747400466603/20241130130830_1.jpg?ex=674cb46b&is=674b62eb&hm=3a9c3bbd885b0d195c691367c91431eca0e31fb011680dab64b205e4fa088a12&=&format=webp&width=1177&height=662
11/30/2024 20:28:00,Gagneto+8499,AlexP+2435,Geomorgski+,Tyr11+4081,Underground Duchy,Woodland Alliance,Vagabond (Adventurer),Lizard Cult,Corvid Conspiracy,18,33,14,25,0.00,1.00,0.00,0.00,Autumn,E&P,Random,Async,https://discord.com/channels/476234833572397056/1310572909475008522
11/30/2024 21:23:00,lumpyprol+3206,KFull+1226,TheWiseFox+8428,ashfall+0120,Marquise de Cat,Eyrie Dynasties,Underground Duchy,Woodland Alliance,Lizard Cult,19,22,15,31,0.00,0.00,0.00,1.00,Lake,E&P,Random,Async,https://discord.com/channels/476234833572397056/1307093995620536410
12/1/2024 1:25:00,Holysheva+0413,greenplastic90+3616,Matt516+2460,BloodMuffin+4386,Woodland Alliance,Underground Duchy,Vagabond (Tinker),Eyrie Dynasties,Vagabond (Scoundrel),14,23,28,32,0.00,0.00,0.00,1.00,Winter,E&P,,Async,https://discord.com/channels/476234833572397056/1307040257262223441/1312589888050430073
12/1/2024 4:57:00,NadtyLite+7330,Tad604+8004,SoulDataFMAB+1794,RedSamurai+6981,Marquise de Cat,Underground Duchy,Vagabond (Ranger),Vagabond (Tinker),Riverfolk Company,21,32,25,17,0.00,1.00,0.00,0.00,Autumn,E&P,Random,Async,https://discord.com/channels/476234833572397056/1310826966332477461/1312642946557935718
12/1/2024 5:20:00,MarquiseDeGyatt+0202,jayteedoe+0551,Mysticx67+4391,snapfish295+8182,Corvid Conspiracy,Woodland Alliance,Lizard Cult,Marquise de Cat,Vagabond (Adventurer),27,30,13,17,0.00,1.00,0.00,0.00,Autumn,E&P,Random,Async,https://discord.com/channels/476234833572397056/1312627219381751808/1312646383139950594